,field_name,form_name,field_type,field_label,parent,branching_logic
0,subjid,presentation,freetext,Participant Identification Number (PIN),,
1,inclu,presentation,section,INCLUSION CRITERIA,,
2,inclu_disease,presentation,categorical,Suspected or confirmed infection,inclu,
3,inclu_disease___Chickenpox (Varicella),presentation,binary,Chickenpox (Varicella),inclu_disease,
4,inclu_disease___Herpes simplex virus infection (HSV),presentation,binary,Herpes simplex virus infection (HSV),inclu_disease,
5,inclu_disease___Human immunodeficiency virus infection (HIV infection),presentation,binary,Human immunodeficiency virus infection (HIV infection),inclu_disease,
6,inclu_disease___Mpox,presentation,binary,Mpox,inclu_disease,
7,inclu_disease___Other,presentation,binary,Other,inclu_disease,
8,inclu_disease_otherl3,presentation,freetext,Specify other Suspected or confirmed infection,inclu,[inclu_disease]='88'
9,inclu_case,presentation,categorical,Status of case,inclu,
10,inclu_case___Confirmed,presentation,binary,Confirmed,inclu_case,
11,inclu_case___Probable,presentation,binary,Probable,inclu_case,
12,inclu_case___Suspected,presentation,binary,Suspected,inclu_case,
13,inclu_case___Discarded,presentation,binary,Discarded,inclu_case,
14,inclu_case___Error,presentation,binary,Error,inclu_case,
15,inclu_testreason,presentation,categorical,Reason why the patient was tested,inclu,
16,inclu_testreason___Symptomatic,presentation,binary,Symptomatic,inclu_testreason,
17,"inclu_testreason___Asymptomatic, contact-traced",presentation,binary,"Asymptomatic, contact-traced",inclu_testreason,
18,"inclu_testreason___Asymptomatic, mass testing campaign",presentation,binary,"Asymptomatic, mass testing campaign",inclu_testreason,
19,inclu_testreason___Not tested,presentation,binary,Not tested,inclu_testreason,
20,inclu_testreason___Other,presentation,binary,Other,inclu_testreason,
21,inclu_testreason_otth,presentation,freetext,Specify other reason,inclu,[inclu_testreason]='88'
22,inclu_consentdes,presentation,freetext,Consent:,inclu,
23,inclu_consent,presentation,categorical,Participant (or their representative) has provided consent to participate in this study.,inclu,
24,inclu_consent___Yes,presentation,binary,Yes,inclu_consent,
25,"inclu_consent___No, participant did not agree to participate in the study",presentation,binary,"No, participant did not agree to participate in the study",inclu_consent,
26,"inclu_consent___No, the ethics committee approved a waiver of consent",presentation,binary,"No, the ethics committee approved a waiver of consent",inclu_consent,
27,inclu_consent_date,presentation,date,Date of consent,inclu,[inclu_consent]='1'
28,inclu_consent_who,presentation,categorical,Consent provided by,inclu,[inclu_consent]='1'
29,inclu_consent_who___Participant,presentation,binary,Participant,inclu_consent_who,[inclu_consent]='1'
30,inclu_consent_who___Consultee,presentation,binary,Consultee,inclu_consent_who,[inclu_consent]='1'
31,inclu_consent_who___Independent clinician,presentation,binary,Independent clinician,inclu_consent_who,[inclu_consent]='1'
32,inclu_consent2des,presentation,freetext,"Secondary use of data collected, the participant agreed with the following statements:",inclu,[inclu_consent]='1'
33,inclu_consent_secrsch,presentation,binary,"Future use of pseudonymised data in ethically approved research, including research in other countries",inclu,[inclu_consent]='1'
34,inclu_consent_secprod,presentation,binary,"Future use of pseudonymised data to manufacture tests, treatments or other products, including commercial products",inclu,[inclu_consent]='1'
35,inclu_consent_secgen,presentation,binary,"Future use of pseudonymised genetic data in ethically approved research, including research in other countries",inclu,[inclu_consent]='1'
36,inclu_consentsecsamp,presentation,freetext,"Secondary use of samples collected, the participant agreed with the following statements:  ",inclu,[inclu_consent]='1'
37,inclu_consent_secsamprsch,presentation,binary,"Future use of pseudonymised samples in ethically approved research, including research in other countries",inclu,[inclu_consent]='1'
38,inclu_consent_secsampprod,presentation,binary,"Future use of pseudonymised samples or materials or data derived from those samples to manufacture tests, treatments or other products, including commercial products",inclu,[inclu_consent]='1'
39,inclu_consent_secsampgen,presentation,binary,"Future use of pseudonymised genetic samples in ethically approved research, including research in other countries",inclu,[inclu_consent]='1'
40,inclu_consentcont,presentation,freetext,Contact  ,inclu,[inclu_consent]='1'
41,inclu_consent_contnstudy,presentation,binary,"To be contacted to participate in future work, including research studies",inclu,[inclu_consent]='1'
42,pres,presentation,section,ONSET & PRESENTATION,,
43,pres_onsetdate,presentation,date,Onset date of first / earliest symptom,pres,
44,pres_firstsym,presentation,checkbox,Symptom(s) during first 24 hours of illness (select all that apply),pres,
45,pres_firstsym___Fever,presentation,binary,Fever,pres_firstsym,
46,pres_firstsym___Mucosal lesion,presentation,binary,Mucosal lesion,pres_firstsym,
47,pres_firstsym___Skin lesion,presentation,binary,Skin lesion,pres_firstsym,
48,pres_firstsym___Other,presentation,binary,Other,pres_firstsym,
49,pres_firstsym_otherl2,presentation,categorical,Select Symptom(s) during first 24 hours of illness (select all that apply),pres,[pres_firstsym(88)]='1'
50,pres_firstsym_otherl2___Abdominal pain,presentation,binary,Abdominal pain,pres_firstsym_otherl2,[pres_firstsym(88)]='1'
51,pres_firstsym_otherl2___Abnormal weight loss,presentation,binary,Abnormal weight loss,pres_firstsym_otherl2,[pres_firstsym(88)]='1'
52,pres_firstsym_otherl2___Alopecia (Nonscarring hair loss),presentation,binary,Alopecia (Nonscarring hair loss),pres_firstsym_otherl2,[pres_firstsym(88)]='1'
53,pres_firstsym_otherl2___Altered consciousness / Confusion (Disorientation),presentation,binary,Altered consciousness / Confusion (Disorientation),pres_firstsym_otherl2,[pres_firstsym(88)]='1'
54,pres_firstsym_otherl2___Anorexia,presentation,binary,Anorexia,pres_firstsym_otherl2,[pres_firstsym(88)]='1'
55,pres_firstsym_otherl2___Apnoea,presentation,binary,Apnoea,pres_firstsym_otherl2,[pres_firstsym(88)]='1'
56,pres_firstsym_otherl2___Ascites,presentation,binary,Ascites,pres_firstsym_otherl2,[pres_firstsym(88)]='1'
57,pres_firstsym_otherl2___Bleeding (Haemorrhage),presentation,binary,Bleeding (Haemorrhage),pres_firstsym_otherl2,[pres_firstsym(88)]='1'
58,pres_firstsym_otherl2___Bruising (Spontaneous ecchymoses),presentation,binary,Bruising (Spontaneous ecchymoses),pres_firstsym_otherl2,[pres_firstsym(88)]='1'
59,pres_firstsym_otherl2___Can't feel one side of the body or face (Hemiplegia),presentation,binary,Can't feel one side of the body or face (Hemiplegia),pres_firstsym_otherl2,[pres_firstsym(88)]='1'
60,pres_firstsym_otherl2___Can't fully move or control movement (Paralytic syndrome),presentation,binary,Can't fully move or control movement (Paralytic syndrome),pres_firstsym_otherl2,[pres_firstsym(88)]='1'
61,pres_firstsym_otherl2___Cardiac arrhythmia,presentation,binary,Cardiac arrhythmia,pres_firstsym_otherl2,[pres_firstsym(88)]='1'
62,pres_firstsym_otherl2___Changes in menstruation (Irregular menstruation),presentation,binary,Changes in menstruation (Irregular menstruation),pres_firstsym_otherl2,[pres_firstsym(88)]='1'
63,pres_firstsym_otherl2___Changes in skin texture,presentation,binary,Changes in skin texture,pres_firstsym_otherl2,[pres_firstsym(88)]='1'
64,pres_firstsym_otherl2___Chest pain,presentation,binary,Chest pain,pres_firstsym_otherl2,[pres_firstsym(88)]='1'
65,pres_firstsym_otherl2___Chest pain on breathing,presentation,binary,Chest pain on breathing,pres_firstsym_otherl2,[pres_firstsym(88)]='1'
66,pres_firstsym_otherl2___Chills (without fever),presentation,binary,Chills (without fever),pres_firstsym_otherl2,[pres_firstsym(88)]='1'
67,pres_firstsym_otherl2___Cognitive impairment (Unspecified intellectual disabilities),presentation,binary,Cognitive impairment (Unspecified intellectual disabilities),pres_firstsym_otherl2,[pres_firstsym(88)]='1'
68,pres_firstsym_otherl2___Conjunctivitis,presentation,binary,Conjunctivitis,pres_firstsym_otherl2,[pres_firstsym(88)]='1'
69,pres_firstsym_otherl2___Constipation,presentation,binary,Constipation,pres_firstsym_otherl2,[pres_firstsym(88)]='1'
70,pres_firstsym_otherl2___Convulsions,presentation,binary,Convulsions,pres_firstsym_otherl2,[pres_firstsym(88)]='1'
71,pres_firstsym_otherl2___Cough,presentation,binary,Cough,pres_firstsym_otherl2,[pres_firstsym(88)]='1'
72,pres_firstsym_otherl2___Diarrhea,presentation,binary,Diarrhea,pres_firstsym_otherl2,[pres_firstsym(88)]='1'
73,pres_firstsym_otherl2___Difficulty eating or drinking (Dysphagia),presentation,binary,Difficulty eating or drinking (Dysphagia),pres_firstsym_otherl2,[pres_firstsym(88)]='1'
74,pres_firstsym_otherl2___Difficulty in walking,presentation,binary,Difficulty in walking,pres_firstsym_otherl2,[pres_firstsym(88)]='1'
75,pres_firstsym_otherl2___Disorders of nose and nasal sinuses,presentation,binary,Disorders of nose and nasal sinuses,pres_firstsym_otherl2,[pres_firstsym(88)]='1'
76,pres_firstsym_otherl2___Disturbance in attention (Altered mental status),presentation,binary,Disturbance in attention (Altered mental status),pres_firstsym_otherl2,[pres_firstsym(88)]='1'
77,pres_firstsym_otherl2___Dizziness/light headedness (Dizziness and giddiness),presentation,binary,Dizziness/light headedness (Dizziness and giddiness),pres_firstsym_otherl2,[pres_firstsym(88)]='1'
78,pres_firstsym_otherl2___Dry skin (Xerosis cutis),presentation,binary,Dry skin (Xerosis cutis),pres_firstsym_otherl2,[pres_firstsym(88)]='1'
79,pres_firstsym_otherl2___Ear pain (Otalgia),presentation,binary,Ear pain (Otalgia),pres_firstsym_otherl2,[pres_firstsym(88)]='1'
80,pres_firstsym_otherl2___Erectile dysfunction,presentation,binary,Erectile dysfunction,pres_firstsym_otherl2,[pres_firstsym(88)]='1'
81,pres_firstsym_otherl2___Fainting / blackouts (Syncope and collapse),presentation,binary,Fainting / blackouts (Syncope and collapse),pres_firstsym_otherl2,[pres_firstsym(88)]='1'
82,pres_firstsym_otherl2___Feeding difficulty,presentation,binary,Feeding difficulty,pres_firstsym_otherl2,[pres_firstsym(88)]='1'
83,pres_firstsym_otherl2___Gastrointestinal bleeding (Gastrointestinal hemorrhage),presentation,binary,Gastrointestinal bleeding (Gastrointestinal hemorrhage),pres_firstsym_otherl2,[pres_firstsym(88)]='1'
84,pres_firstsym_otherl2___Headache,presentation,binary,Headache,pres_firstsym_otherl2,[pres_firstsym(88)]='1'
85,pres_firstsym_otherl2___Hepatomegaly,presentation,binary,Hepatomegaly,pres_firstsym_otherl2,[pres_firstsym(88)]='1'
86,pres_firstsym_otherl2___Increased thirst (Polydipsia),presentation,binary,Increased thirst (Polydipsia),pres_firstsym_otherl2,[pres_firstsym(88)]='1'
87,pres_firstsym_otherl2___Increased urination (polyuria),presentation,binary,Increased urination (polyuria),pres_firstsym_otherl2,[pres_firstsym(88)]='1'
88,pres_firstsym_otherl2___Irritability,presentation,binary,Irritability,pres_firstsym_otherl2,[pres_firstsym(88)]='1'
89,pres_firstsym_otherl2___Itchy eye,presentation,binary,Itchy eye,pres_firstsym_otherl2,[pres_firstsym(88)]='1'
90,pres_firstsym_otherl2___Jaundice,presentation,binary,Jaundice,pres_firstsym_otherl2,[pres_firstsym(88)]='1'
91,pres_firstsym_otherl2___Joint pain (Arthralgia),presentation,binary,Joint pain (Arthralgia),pres_firstsym_otherl2,[pres_firstsym(88)]='1'
92,pres_firstsym_otherl2___Limb weakness / paralysis (Monoplegia),presentation,binary,Limb weakness / paralysis (Monoplegia),pres_firstsym_otherl2,[pres_firstsym(88)]='1'
93,pres_firstsym_otherl2___Localized edema,presentation,binary,Localized edema,pres_firstsym_otherl2,[pres_firstsym(88)]='1'
94,pres_firstsym_otherl2___Loss of appetite (Anorexia),presentation,binary,Loss of appetite (Anorexia),pres_firstsym_otherl2,[pres_firstsym(88)]='1'
95,pres_firstsym_otherl2___Loss of smell (Anosmia),presentation,binary,Loss of smell (Anosmia),pres_firstsym_otherl2,[pres_firstsym(88)]='1'
96,pres_firstsym_otherl2___Loss of taste (Parageusia),presentation,binary,Loss of taste (Parageusia),pres_firstsym_otherl2,[pres_firstsym(88)]='1'
97,pres_firstsym_otherl2___Lymphadenitis,presentation,binary,Lymphadenitis,pres_firstsym_otherl2,[pres_firstsym(88)]='1'
98,pres_firstsym_otherl2___Malaise and fatigue,presentation,binary,Malaise and fatigue,pres_firstsym_otherl2,[pres_firstsym(88)]='1'
99,pres_firstsym_otherl2___Mouth ulcers (Recurrent oral aphthae),presentation,binary,Mouth ulcers (Recurrent oral aphthae),pres_firstsym_otherl2,[pres_firstsym(88)]='1'
100,pres_firstsym_otherl2___Muscle aches (Myalgia),presentation,binary,Muscle aches (Myalgia),pres_firstsym_otherl2,[pres_firstsym(88)]='1'
101,pres_firstsym_otherl2___Muscle weakness,presentation,binary,Muscle weakness,pres_firstsym_otherl2,[pres_firstsym(88)]='1'
102,pres_firstsym_otherl2___Nasal congestion,presentation,binary,Nasal congestion,pres_firstsym_otherl2,[pres_firstsym(88)]='1'
103,pres_firstsym_otherl2___Nausea or vomiting,presentation,binary,Nausea or vomiting,pres_firstsym_otherl2,[pres_firstsym(88)]='1'
104,pres_firstsym_otherl2___Pain during urination (Dysuria),presentation,binary,Pain during urination (Dysuria),pres_firstsym_otherl2,[pres_firstsym(88)]='1'
105,pres_firstsym_otherl2___Pallor,presentation,binary,Pallor,pres_firstsym_otherl2,[pres_firstsym(88)]='1'
106,pres_firstsym_otherl2___Palpitations,presentation,binary,Palpitations,pres_firstsym_otherl2,[pres_firstsym(88)]='1'
107,pres_firstsym_otherl2___Paresthesia of skin,presentation,binary,Paresthesia of skin,pres_firstsym_otherl2,[pres_firstsym(88)]='1'
108,pres_firstsym_otherl2___Problems swallowing or chewing (Dysphagia),presentation,binary,Problems swallowing or chewing (Dysphagia),pres_firstsym_otherl2,[pres_firstsym(88)]='1'
109,pres_firstsym_otherl2___Pruritus,presentation,binary,Pruritus,pres_firstsym_otherl2,[pres_firstsym(88)]='1'
110,pres_firstsym_otherl2___Rapid heart beat/Pulse (Tachycardia),presentation,binary,Rapid heart beat/Pulse (Tachycardia),pres_firstsym_otherl2,[pres_firstsym(88)]='1'
111,pres_firstsym_otherl2___Rashes or skin lesions,presentation,binary,Rashes or skin lesions,pres_firstsym_otherl2,[pres_firstsym(88)]='1'
112,pres_firstsym_otherl2___Retention of urine,presentation,binary,Retention of urine,pres_firstsym_otherl2,[pres_firstsym(88)]='1'
113,pres_firstsym_otherl2___Shortness of breath (Dyspnea),presentation,binary,Shortness of breath (Dyspnea),pres_firstsym_otherl2,[pres_firstsym(88)]='1'
114,pres_firstsym_otherl2___Skin rash,presentation,binary,Skin rash,pres_firstsym_otherl2,[pres_firstsym(88)]='1'
115,pres_firstsym_otherl2___Sleep disorder,presentation,binary,Sleep disorder,pres_firstsym_otherl2,[pres_firstsym(88)]='1'
116,pres_firstsym_otherl2___Sneezing,presentation,binary,Sneezing,pres_firstsym_otherl2,[pres_firstsym(88)]='1'
117,pres_firstsym_otherl2___Sore throat (Pain in throat),presentation,binary,Sore throat (Pain in throat),pres_firstsym_otherl2,[pres_firstsym(88)]='1'
118,pres_firstsym_otherl2___Speech disturbances,presentation,binary,Speech disturbances,pres_firstsym_otherl2,[pres_firstsym(88)]='1'
119,pres_firstsym_otherl2___Spontaneous bruising (Spontaneous ecchymoses),presentation,binary,Spontaneous bruising (Spontaneous ecchymoses),pres_firstsym_otherl2,[pres_firstsym(88)]='1'
120,pres_firstsym_otherl2___Sweating (hyperhidrosis),presentation,binary,Sweating (hyperhidrosis),pres_firstsym_otherl2,[pres_firstsym(88)]='1'
121,pres_firstsym_otherl2___Swollen lymph nodes (Enlarged lymph nodes),presentation,binary,Swollen lymph nodes (Enlarged lymph nodes),pres_firstsym_otherl2,[pres_firstsym(88)]='1'
122,pres_firstsym_otherl2___Tinnitus,presentation,binary,Tinnitus,pres_firstsym_otherl2,[pres_firstsym(88)]='1'
123,pres_firstsym_otherl2___Tremor,presentation,binary,Tremor,pres_firstsym_otherl2,[pres_firstsym(88)]='1'
124,pres_firstsym_otherl2___Urinary incontinence,presentation,binary,Urinary incontinence,pres_firstsym_otherl2,[pres_firstsym(88)]='1'
125,pres_firstsym_otherl2___Visual disturbances,presentation,binary,Visual disturbances,pres_firstsym_otherl2,[pres_firstsym(88)]='1'
126,pres_firstsym_otherl2___Wheezing,presentation,binary,Wheezing,pres_firstsym_otherl2,[pres_firstsym(88)]='1'
127,pres_firstsym_otherl2___Other,presentation,binary,Other,pres_firstsym_otherl2,[pres_firstsym(88)]='1'
128,pres_firstsym_otherl3,presentation,freetext,Specify other Symptom(s) during first 24 hours of illness (select all that apply),pres,[pres_firstsym_otherl2]='88'
129,pres_date,presentation,date,Most recent presentation/admission date at this facility,pres,
130,pres_adm,presentation,binary,Admitted to hospital,pres,
131,pres_enrolmentdate,presentation,date,Date of enrolment / start of data collection,pres,
132,readm,presentation,section,RE-ADMISSION AND PREVIOUS PIN,,
133,readm_prev,presentation,categorical,Was the patient admitted previously or transferred from any other facility during this illness episode?,readm,
134,readm_prev___YES-admitted previously to this facility and discharged,presentation,binary,YES-admitted previously to this facility and discharged,readm_prev,
135,readm_prev___YES-admitted to other facility and discharged,presentation,binary,YES-admitted to other facility and discharged,readm_prev,
136,"readm_prev___YES-admitted to another facility, then transferred to this facility",presentation,binary,"YES-admitted to another facility, then transferred to this facility",readm_prev,
137,readm_prev___No,presentation,binary,No,readm_prev,
138,readm_prev_site,presentation,freetext,Name of transfer facility,readm,[readm_prev] = '1' or [readm_prev]='2' or [readm_prev]='3' 
139,readm_prev_num,presentation,numeric,Total number of previous admissions for this infection,readm,[readm_prev] = '1' or [readm_prev]='2' or [readm_prev]='3' 
140,readm_firstadmdate,presentation,date,Date of earliest admission for this infection,readm,[readm_prev] = '1' or [readm_prev]='2' or [readm_prev]='3' 
141,readm_difpin,presentation,binary,Has the patient's data been previously collected under a different participant identification number (PIN)? ,readm,
142,readm_prevpin,presentation,freetext,Previous Participant Identification Number (PIN),readm,[readm_difpin] = '1'
143,demog,presentation,section,DEMOGRAPHICS,,
144,demog_sex,presentation,categorical,Sex at birth,demog,
145,demog_sex___Male,presentation,binary,Male,demog_sex,
146,demog_sex___Female,presentation,binary,Female,demog_sex,
147,demog_sex___Not specified/Unknown,presentation,binary,Not specified/Unknown,demog_sex,
148,demog_sex___Other,presentation,binary,Other,demog_sex,
149,demog_sex_oth,presentation,freetext,Specify other sex at birth,demog,[demog_sex]='88'
150,demog_gender,presentation,categorical,Gender,demog,
151,demog_gender___Man,presentation,binary,Man,demog_gender,
152,demog_gender___Woman,presentation,binary,Woman,demog_gender,
153,demog_gender___Non-binary,presentation,binary,Non-binary,demog_gender,
154,demog_gender___Other,presentation,binary,Other,demog_gender,
155,demog_gender_oth,presentation,freetext,Specify other gender,demog,[demog_gender]='88'
156,demog_birthknow,presentation,binary,Is the date of birth known?,demog,
157,demog_birthdate,presentation,date,Date of birth,demog,[demog_birthknow]='1'
158,demog_calcage,presentation,calc,Calculated Age,demog,[demog_birthknow]='1'
159,demog_age,presentation,numeric,Age,demog,[demog_birthknow]='0'
160,demog_age_units,presentation,units,Age units,demog,[demog_birthknow]='0'
161,demog_age_units___Years,presentation,binary,Years,demog_age_units,[demog_birthknow]='0'
162,demog_age_units___Months,presentation,binary,Months,demog_age_units,[demog_birthknow]='0'
163,demog_age_units___Days,presentation,binary,Days,demog_age_units,[demog_birthknow]='0'
164,demog_healthcare,presentation,binary,Employed as a healthcare worker,demog,
165,demog_healthcare_ptfacing,presentation,binary,Patient facing,demog,[demog_healthcare] = '1'
166,demog_healthcare_expbiosample,presentation,binary,Exposed to biological samples,demog,[demog_healthcare] = '1'
167,expo14,presentation,section,EXPOSURE HISTORY IN PREVIOUS 14 DAYS,,
168,expo14_yn,presentation,binary,History of contact with suspected or confirmed human case of same pathogen?,expo14,
169,expo14_typecomm,presentation,binary,Community contact ,expo14,[expo14_yn]='1'
170,expo14_typevert,presentation,binary,Vertical transmission,expo14,[expo14_yn]='1' and (([demog_age] < 12 and [demog_age_units]='2') or [demog_age_units]='3' or [demog_calcage]<1)
171,expo14_typehcw,presentation,binary,Healthcare worker exposure,expo14,[expo14_yn]='1'
172,expo14_typesext,presentation,binary,Sexual transmission,expo14,[expo14_yn]='1'
173,expo14_typefaml,presentation,binary,Family / household contacts,expo14,[expo14_yn]='1'
174,expo14_typeoth,presentation,binary,Other type of human exposure,expo14,[expo14_yn]='1'
175,expo14_typeoth_spec,presentation,freetext,Specify other type of human exposure,expo14,[expo14_typeoth]='1'
176,expo14_date,presentation,date,Date of contact with suspected or confirmed case,expo14,[expo14_yn]='1'
177,expo14_ancon,presentation,binary,"Any contact with animals, animal homes, meats or other animal products in the last 14 days?",expo14,
178,expo14_ancon_wildlife,presentation,binary,Contact with wildlife,expo14,[expo14_ancon]='1'
179,expo14_ancon_wildlife_cttype,presentation,checkbox,Specify type of contact,expo14,[expo14_ancon_wildlife]='1'
180,expo14_ancon_wildlife_cttype___Hunting,presentation,binary,Hunting,expo14_ancon_wildlife_cttype,[expo14_ancon_wildlife]='1'
181,expo14_ancon_wildlife_cttype___Preparing,presentation,binary,Preparing,expo14_ancon_wildlife_cttype,[expo14_ancon_wildlife]='1'
182,expo14_ancon_wildlife_cttype___Handling,presentation,binary,Handling,expo14_ancon_wildlife_cttype,[expo14_ancon_wildlife]='1'
183,expo14_ancon_wildlife_cttype___Consumption (unprocessed / undercooked / raw),presentation,binary,Consumption (unprocessed / undercooked / raw),expo14_ancon_wildlife_cttype,[expo14_ancon_wildlife]='1'
184,expo14_ancon_wildlife_cttype___Trading,presentation,binary,Trading,expo14_ancon_wildlife_cttype,[expo14_ancon_wildlife]='1'
185,expo14_ancon_wildlife_cttype___Animal faeces or nests,presentation,binary,Animal faeces or nests,expo14_ancon_wildlife_cttype,[expo14_ancon_wildlife]='1'
186,expo14_ancon_wildlife_cttype___Sick or dead animal,presentation,binary,Sick or dead animal,expo14_ancon_wildlife_cttype,[expo14_ancon_wildlife]='1'
187,expo14_ancon_wildlife_cttype___Unknown,presentation,binary,Unknown,expo14_ancon_wildlife_cttype,[expo14_ancon_wildlife]='1'
188,expo14_ancon_wildlife_cttype___Other,presentation,binary,Other,expo14_ancon_wildlife_cttype,[expo14_ancon_wildlife]='1'
189,expo14_ancon_other,presentation,binary,Other animal contact not listed above ,expo14,[expo14_ancon]='1'
190,expo14_ancon_other_spec,presentation,freetext,Specify animal contacts not listed above,expo14,[expo14_ancon_other]='1'
191,expo14_ancon_other_cttype,presentation,checkbox,Specify type of contact,expo14,[expo14_ancon_other]='1'
192,expo14_ancon_other_cttype___Hunting,presentation,binary,Hunting,expo14_ancon_other_cttype,[expo14_ancon_other]='1'
193,expo14_ancon_other_cttype___Preparing,presentation,binary,Preparing,expo14_ancon_other_cttype,[expo14_ancon_other]='1'
194,expo14_ancon_other_cttype___Handling,presentation,binary,Handling,expo14_ancon_other_cttype,[expo14_ancon_other]='1'
195,expo14_ancon_other_cttype___Consumption (unprocessed / undercooked / raw),presentation,binary,Consumption (unprocessed / undercooked / raw),expo14_ancon_other_cttype,[expo14_ancon_other]='1'
196,expo14_ancon_other_cttype___Trading,presentation,binary,Trading,expo14_ancon_other_cttype,[expo14_ancon_other]='1'
197,expo14_ancon_other_cttype___Animal faeces or nests,presentation,binary,Animal faeces or nests,expo14_ancon_other_cttype,[expo14_ancon_other]='1'
198,expo14_ancon_other_cttype___Sick or dead animal,presentation,binary,Sick or dead animal,expo14_ancon_other_cttype,[expo14_ancon_other]='1'
199,expo14_ancon_other_cttype___Unknown,presentation,binary,Unknown,expo14_ancon_other_cttype,[expo14_ancon_other]='1'
200,expo14_ancon_other_cttype___Other,presentation,binary,Other,expo14_ancon_other_cttype,[expo14_ancon_other]='1'
201,comor,presentation,section,CO-MORBIDITIES AND RISK FACTORS,,
202,comor_cns,presentation,freetext,Neurological comorbidities,comor,
203,comor_chrneurolo,presentation,binary,Chronic neurological disorder,comor,
204,comor_cvs,presentation,freetext,Cardiovascular comorbidities,comor,
205,comor_chrcardiac,presentation,binary,Chronic cardiac disease (not hypertension),comor,
206,comor_hypertensi,presentation,binary,Hypertension,comor,
207,comor_resp,presentation,freetext,Respiratory comorbidities,comor,
208,comor_chrpulmona,presentation,binary,Chronic pulmonary disease (not asthma),comor,
209,comor_asthma,presentation,binary,Asthma,comor,
210,comor_git,presentation,freetext,Gastrointestinal comorbidities,comor,
211,comor_liverdisease,presentation,binary,Liver disease,comor,
212,comor_liverdisease_type,presentation,categorical,Type of liver disease,comor,[comor_liverdisease]='1'
213,comor_liverdisease_type___Mild,presentation,binary,Mild,comor_liverdisease_type,[comor_liverdisease]='1'
214,comor_liverdisease_type___Moderate or severe,presentation,binary,Moderate or severe,comor_liverdisease_type,[comor_liverdisease]='1'
215,comor_renalgut,presentation,freetext,Renal / Genitourinary comorbidities,comor,
216,comor_chrkidney,presentation,binary,Chronic kidney disease,comor,
217,comor_chrkidney_type,presentation,categorical,Stage of chronic kidney disease,comor,[comor_chrkidney]='1'
218,comor_chrkidney_type___Stage 1,presentation,binary,Stage 1,comor_chrkidney_type,[comor_chrkidney]='1'
219,comor_chrkidney_type___Stage 2,presentation,binary,Stage 2,comor_chrkidney_type,[comor_chrkidney]='1'
220,comor_chrkidney_type___Stage 3a,presentation,binary,Stage 3a,comor_chrkidney_type,[comor_chrkidney]='1'
221,comor_chrkidney_type___Stage 3b,presentation,binary,Stage 3b,comor_chrkidney_type,[comor_chrkidney]='1'
222,comor_chrkidney_type___Stage 4,presentation,binary,Stage 4,comor_chrkidney_type,[comor_chrkidney]='1'
223,comor_chrkidney_type___Stage 5,presentation,binary,Stage 5,comor_chrkidney_type,[comor_chrkidney]='1'
224,comor_inf,presentation,freetext,Infectious comorbidities,comor,
225,comor_aids,presentation,binary,HIV,comor,
226,comor_aids_art,presentation,binary,Is the patient on anti-retroviral therapy (ART)?,comor,[comor_aids] = '1'
227,comor_aids_arttype,presentation,freetext,Specify ART,comor,[comor_aids_art] = '1'
228,comor_aids_cd4date,presentation,date,If HIV positive: CD4 count date,comor,[comor_aids] = '1'
229,comor_aids_cd4count,presentation,numeric,If HIV positive: Most recent CD4 count (cells/µL),comor,[comor_aids] = '1'
230,comor_aids_vrl,presentation,binary,If HIV positive: Is HIV viral load detectable,comor,[comor_aids] = '1'
231,comor_aids_vrlno,presentation,numeric,Most recent HIV viral load (copies/mL),comor,[comor_aids_vrl] = '1'
232,comor_tuberculos,presentation,binary,Tuberculosis,comor,
233,comor_tuberculos_type,presentation,categorical,Specify tuberculosis type,comor,[comor_tuberculos]='1'
234,comor_tuberculos_type___Active pulmonary,presentation,binary,Active pulmonary,comor_tuberculos_type,[comor_tuberculos]='1'
235,comor_tuberculos_type___Active extra-pulmonary,presentation,binary,Active extra-pulmonary,comor_tuberculos_type,[comor_tuberculos]='1'
236,comor_tuberculos_type___Latent,presentation,binary,Latent,comor_tuberculos_type,[comor_tuberculos]='1'
237,comor_heme,presentation,freetext,Haematological comorbidities,comor,
238,comor_chrhematol,presentation,binary,Chronic haematologic disease,comor,
239,comor_sys,presentation,freetext,Systemic / general comorbidities,comor,
240,comor_rheumatolo,presentation,binary,Rheumatologic disorder,comor,
241,comor_asplenia,presentation,binary,Asplenia,comor,
242,comor_obesity,presentation,binary,Obesity,comor,
243,comor_malnutriti,presentation,binary,Malnutrition,comor,
244,comor_diabetes,presentation,binary,Diabetes mellitus,comor,
245,comor_diabetes_type,presentation,categorical,Diabetes mellitus type,comor,[comor_diabetes] = '1'
246,comor_diabetes_type___Type 1,presentation,binary,Type 1,comor_diabetes_type,[comor_diabetes] = '1'
247,comor_diabetes_type___Type 2,presentation,binary,Type 2,comor_diabetes_type,[comor_diabetes] = '1'
248,comor_diabetes_type___Gestational diabetes,presentation,binary,Gestational diabetes,comor_diabetes_type,[comor_diabetes] = '1'
249,comor_smoking,presentation,binary,Ever smoked,comor,
250,comor_smoking_type,presentation,categorical,Smoking status,comor,[comor_smoking]='1'
251,comor_smoking_type___Current smoker,presentation,binary,Current smoker,comor_smoking_type,[comor_smoking]='1'
252,comor_smoking_type___Former Smoker,presentation,binary,Former Smoker,comor_smoking_type,[comor_smoking]='1'
253,comor_otherdesc,presentation,freetext,Other  Comorbidities,comor,
254,comor_unlisted,presentation,binary,Other relevant comorbidity(s),comor,
255,comor_unlisted_item___Neurological disorder confirmed,presentation,binary,Neurological disorder confirmed,comor_unlisted,
256,comor_unlisted_item___Autoimmune Disease,presentation,binary,Autoimmune Disease,comor_unlisted,
257,comor_unlisted_item___Hyperthyroidism,presentation,binary,Hyperthyroidism,comor_unlisted,
258,comor_unlisted_item___Blood coagulation disorder,presentation,binary,Blood coagulation disorder,comor_unlisted,
259,comor_unlisted_item___Solid tumor configuration,presentation,binary,Solid tumor configuration,comor_unlisted,
260,comor_unlisted_item___Undifferentiated connective tissue disease,presentation,binary,Undifferentiated connective tissue disease,comor_unlisted,
261,comor_unlisted_item___Metastatic carcinoid tumor Cancer,presentation,binary,Metastatic carcinoid tumor Cancer,comor_unlisted,
262,comor_unlisted_item___Neurodegenerative Disorders,presentation,binary,Neurodegenerative Disorders,comor_unlisted,
263,comor_unlisted_item___Acute-on-chronic renal failure,presentation,binary,Acute-on-chronic renal failure,comor_unlisted,
264,comor_unlisted_item___Disorder of pulmonary circulation,presentation,binary,Disorder of pulmonary circulation,comor_unlisted,
265,comor_unlisted_item___Atrial Fibrillation,presentation,binary,Atrial Fibrillation,comor_unlisted,
266,comor_unlisted_item___Essential hypertension,presentation,binary,Essential hypertension,comor_unlisted,
267,comor_unlisted_item___Malignant lymphoma,presentation,binary,Malignant lymphoma,comor_unlisted,
268,comor_unlisted_item___Immunosuppression,presentation,binary,Immunosuppression,comor_unlisted,
269,comor_unlisted_item___Chronic heart disease,presentation,binary,Chronic heart disease,comor_unlisted,
270,comor_unlisted_item___Congenital Heart Disease,presentation,binary,Congenital Heart Disease,comor_unlisted,
271,comor_unlisted_item___Peripheral Vascular Disease,presentation,binary,Peripheral Vascular Disease,comor_unlisted,
272,comor_unlisted_item___Chronic lung disease,presentation,binary,Chronic lung disease,comor_unlisted,
273,comor_unlisted_item___Leukemia,presentation,binary,Leukemia,comor_unlisted,
274,comor_unlisted_item___Psychoactive substance use disorder,presentation,binary,Psychoactive substance use disorder,comor_unlisted,
275,comor_unlisted_item___Tuberculosis,presentation,binary,Tuberculosis,comor_unlisted,
276,comor_unlisted_item___Moderate or Severe Renal Disease,presentation,binary,Moderate or Severe Renal Disease,comor_unlisted,
277,comor_unlisted_item___Multiple Myeloma,presentation,binary,Multiple Myeloma,comor_unlisted,
278,comor_unlisted_item___Chronic Kidney Disease,presentation,binary,Chronic Kidney Disease,comor_unlisted,
279,comor_unlisted_item___Reactive psychoses,presentation,binary,Reactive psychoses,comor_unlisted,
280,comor_unlisted_item___Disease of liver,presentation,binary,Disease of liver,comor_unlisted,
281,comor_unlisted_item___Ischaemic Heart Disease,presentation,binary,Ischaemic Heart Disease,comor_unlisted,
282,comor_unlisted_item___Primary malignant neoplasm,presentation,binary,Primary malignant neoplasm,comor_unlisted,
283,comor_unlisted_item___Chronic inflammatory disorder,presentation,binary,Chronic inflammatory disorder,comor_unlisted,
284,comor_unlisted_item___Chronic Infection,presentation,binary,Chronic Infection,comor_unlisted,
285,comor_unlisted_item___Transplant present,presentation,binary,Transplant present,comor_unlisted,
286,comor_unlisted_item___Cerebrovascular Disease,presentation,binary,Cerebrovascular Disease,comor_unlisted,
287,comor_unlisted_item___Human immunodeficiency virus [HIV] disease,presentation,binary,Human immunodeficiency virus [HIV] disease,comor_unlisted,
288,comor_unlisted_item___Cardiomyopathy,presentation,binary,Cardiomyopathy,comor_unlisted,
289,comor_unlisted_item___Stroke,presentation,binary,Stroke,comor_unlisted,
290,comor_unlisted_item___Chronic Haematological Disease,presentation,binary,Chronic Haematological Disease,comor_unlisted,
291,comor_unlisted_item___Congestive Heart Failure,presentation,binary,Congestive Heart Failure,comor_unlisted,
292,comor_unlisted_item___Diabetes Mellitus (all types),presentation,binary,Diabetes Mellitus (all types),comor_unlisted,
293,comor_unlisted_item___Obesity,presentation,binary,Obesity,comor_unlisted,
294,comor_unlisted_item___Hemiplegia,presentation,binary,Hemiplegia,comor_unlisted,
295,comor_unlisted_item___Smoking,presentation,binary,Smoking,comor_unlisted,
296,comor_unlisted_item___Myocardial Infarction,presentation,binary,Myocardial Infarction,comor_unlisted,
297,comor_unlisted_item___Heart valve disorder,presentation,binary,Heart valve disorder,comor_unlisted,
298,comor_unlisted_item___Recurrent deep vein thrombosis,presentation,binary,Recurrent deep vein thrombosis,comor_unlisted,
299,comor_unlisted_item___Rheumatoid Disorders,presentation,binary,Rheumatoid Disorders,comor_unlisted,
300,comor_unlisted_item___Rare Diseases and Inborn Errors of Metabolism,presentation,binary,Rare Diseases and Inborn Errors of Metabolism,comor_unlisted,
301,comor_unlisted_item___Chronic metabolic disorder,presentation,binary,Chronic metabolic disorder,comor_unlisted,
302,comor_unlisted_item___Paraplegia,presentation,binary,Paraplegia,comor_unlisted,
303,comor_unlisted_item___Chronic Viral Hepatitis,presentation,binary,Chronic Viral Hepatitis,comor_unlisted,
304,comor_unlisted_item___Disorder of lipid metabolism,presentation,binary,Disorder of lipid metabolism,comor_unlisted,
305,comor_unlisted_item___Moderate or Severe Liver Disease,presentation,binary,Moderate or Severe Liver Disease,comor_unlisted,
306,comor_unlisted_item___Hypothyroidism,presentation,binary,Hypothyroidism,comor_unlisted,
307,comor_unlisted_item___Asplenia,presentation,binary,Asplenia,comor_unlisted,
308,comor_unlisted_item___Dementia,presentation,binary,Dementia,comor_unlisted,
309,comor_unlisted_0item,presentation,categorical,Select other relevant comorbidity(s),comor,[comor_unlisted]='1'
310,comor_unlisted_0item___Acute-on-chronic renal failure,presentation,binary,Acute-on-chronic renal failure,comor_unlisted_0item,[comor_unlisted]='1'
311,comor_unlisted_0item___Asplenia,presentation,binary,Asplenia,comor_unlisted_0item,[comor_unlisted]='1'
312,comor_unlisted_0item___Atrial Fibrillation,presentation,binary,Atrial Fibrillation,comor_unlisted_0item,[comor_unlisted]='1'
313,comor_unlisted_0item___Autoimmune Disease,presentation,binary,Autoimmune Disease,comor_unlisted_0item,[comor_unlisted]='1'
314,comor_unlisted_0item___Blood coagulation disorder,presentation,binary,Blood coagulation disorder,comor_unlisted_0item,[comor_unlisted]='1'
315,comor_unlisted_0item___Cardiomyopathy,presentation,binary,Cardiomyopathy,comor_unlisted_0item,[comor_unlisted]='1'
316,comor_unlisted_0item___Cerebrovascular Disease,presentation,binary,Cerebrovascular Disease,comor_unlisted_0item,[comor_unlisted]='1'
317,comor_unlisted_0item___Chronic Haematological Disease,presentation,binary,Chronic Haematological Disease,comor_unlisted_0item,[comor_unlisted]='1'
318,comor_unlisted_0item___Chronic Infection,presentation,binary,Chronic Infection,comor_unlisted_0item,[comor_unlisted]='1'
319,comor_unlisted_0item___Chronic Kidney Disease,presentation,binary,Chronic Kidney Disease,comor_unlisted_0item,[comor_unlisted]='1'
320,comor_unlisted_0item___Chronic Viral Hepatitis,presentation,binary,Chronic Viral Hepatitis,comor_unlisted_0item,[comor_unlisted]='1'
321,comor_unlisted_0item___Chronic heart disease,presentation,binary,Chronic heart disease,comor_unlisted_0item,[comor_unlisted]='1'
322,comor_unlisted_0item___Chronic inflammatory disorder,presentation,binary,Chronic inflammatory disorder,comor_unlisted_0item,[comor_unlisted]='1'
323,comor_unlisted_0item___Chronic lung disease,presentation,binary,Chronic lung disease,comor_unlisted_0item,[comor_unlisted]='1'
324,comor_unlisted_0item___Chronic metabolic disorder,presentation,binary,Chronic metabolic disorder,comor_unlisted_0item,[comor_unlisted]='1'
325,comor_unlisted_0item___Congenital Heart Disease,presentation,binary,Congenital Heart Disease,comor_unlisted_0item,[comor_unlisted]='1'
326,comor_unlisted_0item___Congestive Heart Failure,presentation,binary,Congestive Heart Failure,comor_unlisted_0item,[comor_unlisted]='1'
327,comor_unlisted_0item___Dementia,presentation,binary,Dementia,comor_unlisted_0item,[comor_unlisted]='1'
328,comor_unlisted_0item___Diabetes Mellitus (all types),presentation,binary,Diabetes Mellitus (all types),comor_unlisted_0item,[comor_unlisted]='1'
329,comor_unlisted_0item___Disease of liver,presentation,binary,Disease of liver,comor_unlisted_0item,[comor_unlisted]='1'
330,comor_unlisted_0item___Disorder of lipid metabolism,presentation,binary,Disorder of lipid metabolism,comor_unlisted_0item,[comor_unlisted]='1'
331,comor_unlisted_0item___Disorder of pulmonary circulation,presentation,binary,Disorder of pulmonary circulation,comor_unlisted_0item,[comor_unlisted]='1'
332,comor_unlisted_0item___Essential hypertension,presentation,binary,Essential hypertension,comor_unlisted_0item,[comor_unlisted]='1'
333,comor_unlisted_0item___Heart valve disorder,presentation,binary,Heart valve disorder,comor_unlisted_0item,[comor_unlisted]='1'
334,comor_unlisted_0item___Hemiplegia,presentation,binary,Hemiplegia,comor_unlisted_0item,[comor_unlisted]='1'
335,comor_unlisted_0item___Human immunodeficiency virus [HIV] disease,presentation,binary,Human immunodeficiency virus [HIV] disease,comor_unlisted_0item,[comor_unlisted]='1'
336,comor_unlisted_0item___Hyperthyroidism,presentation,binary,Hyperthyroidism,comor_unlisted_0item,[comor_unlisted]='1'
337,comor_unlisted_0item___Hypothyroidism,presentation,binary,Hypothyroidism,comor_unlisted_0item,[comor_unlisted]='1'
338,comor_unlisted_0item___Immunosuppression,presentation,binary,Immunosuppression,comor_unlisted_0item,[comor_unlisted]='1'
339,comor_unlisted_0item___Ischaemic Heart Disease,presentation,binary,Ischaemic Heart Disease,comor_unlisted_0item,[comor_unlisted]='1'
340,comor_unlisted_0item___Leukemia,presentation,binary,Leukemia,comor_unlisted_0item,[comor_unlisted]='1'
341,comor_unlisted_0item___Malignant lymphoma,presentation,binary,Malignant lymphoma,comor_unlisted_0item,[comor_unlisted]='1'
342,comor_unlisted_0item___Metastatic carcinoid tumor Cancer,presentation,binary,Metastatic carcinoid tumor Cancer,comor_unlisted_0item,[comor_unlisted]='1'
343,comor_unlisted_0item___Moderate or Severe Liver Disease,presentation,binary,Moderate or Severe Liver Disease,comor_unlisted_0item,[comor_unlisted]='1'
344,comor_unlisted_0item___Moderate or Severe Renal Disease,presentation,binary,Moderate or Severe Renal Disease,comor_unlisted_0item,[comor_unlisted]='1'
345,comor_unlisted_0item___Multiple Myeloma,presentation,binary,Multiple Myeloma,comor_unlisted_0item,[comor_unlisted]='1'
346,comor_unlisted_0item___Myocardial Infarction,presentation,binary,Myocardial Infarction,comor_unlisted_0item,[comor_unlisted]='1'
347,comor_unlisted_0item___Neurodegenerative Disorders,presentation,binary,Neurodegenerative Disorders,comor_unlisted_0item,[comor_unlisted]='1'
348,comor_unlisted_0item___Neurological disorder confirmed,presentation,binary,Neurological disorder confirmed,comor_unlisted_0item,[comor_unlisted]='1'
349,comor_unlisted_0item___Obesity,presentation,binary,Obesity,comor_unlisted_0item,[comor_unlisted]='1'
350,comor_unlisted_0item___Paraplegia,presentation,binary,Paraplegia,comor_unlisted_0item,[comor_unlisted]='1'
351,comor_unlisted_0item___Peripheral Vascular Disease,presentation,binary,Peripheral Vascular Disease,comor_unlisted_0item,[comor_unlisted]='1'
352,comor_unlisted_0item___Primary malignant neoplasm,presentation,binary,Primary malignant neoplasm,comor_unlisted_0item,[comor_unlisted]='1'
353,comor_unlisted_0item___Psychoactive substance use disorder,presentation,binary,Psychoactive substance use disorder,comor_unlisted_0item,[comor_unlisted]='1'
354,comor_unlisted_0item___Rare Diseases and Inborn Errors of Metabolism,presentation,binary,Rare Diseases and Inborn Errors of Metabolism,comor_unlisted_0item,[comor_unlisted]='1'
355,comor_unlisted_0item___Reactive psychoses,presentation,binary,Reactive psychoses,comor_unlisted_0item,[comor_unlisted]='1'
356,comor_unlisted_0item___Recurrent deep vein thrombosis,presentation,binary,Recurrent deep vein thrombosis,comor_unlisted_0item,[comor_unlisted]='1'
357,comor_unlisted_0item___Rheumatoid Disorders,presentation,binary,Rheumatoid Disorders,comor_unlisted_0item,[comor_unlisted]='1'
358,comor_unlisted_0item___Smoking,presentation,binary,Smoking,comor_unlisted_0item,[comor_unlisted]='1'
359,comor_unlisted_0item___Solid tumor configuration,presentation,binary,Solid tumor configuration,comor_unlisted_0item,[comor_unlisted]='1'
360,comor_unlisted_0item___Stroke,presentation,binary,Stroke,comor_unlisted_0item,[comor_unlisted]='1'
361,comor_unlisted_0item___Transplant present,presentation,binary,Transplant present,comor_unlisted_0item,[comor_unlisted]='1'
362,comor_unlisted_0item___Tuberculosis,presentation,binary,Tuberculosis,comor_unlisted_0item,[comor_unlisted]='1'
363,comor_unlisted_0item___Undifferentiated connective tissue disease,presentation,binary,Undifferentiated connective tissue disease,comor_unlisted_0item,[comor_unlisted]='1'
364,comor_unlisted_0addi,presentation,binary,Any additional other relevant comorbidity(s) ?,comor,[comor_unlisted]='1'
365,comor_unlisted_1item,presentation,categorical,>Select additional other relevant comorbidity(s) 2,comor,[comor_unlisted_0addi]='1'
366,comor_unlisted_1item___Acute-on-chronic renal failure,presentation,binary,Acute-on-chronic renal failure,comor_unlisted_1item,[comor_unlisted_0addi]='1'
367,comor_unlisted_1item___Asplenia,presentation,binary,Asplenia,comor_unlisted_1item,[comor_unlisted_0addi]='1'
368,comor_unlisted_1item___Atrial Fibrillation,presentation,binary,Atrial Fibrillation,comor_unlisted_1item,[comor_unlisted_0addi]='1'
369,comor_unlisted_1item___Autoimmune Disease,presentation,binary,Autoimmune Disease,comor_unlisted_1item,[comor_unlisted_0addi]='1'
370,comor_unlisted_1item___Blood coagulation disorder,presentation,binary,Blood coagulation disorder,comor_unlisted_1item,[comor_unlisted_0addi]='1'
371,comor_unlisted_1item___Cardiomyopathy,presentation,binary,Cardiomyopathy,comor_unlisted_1item,[comor_unlisted_0addi]='1'
372,comor_unlisted_1item___Cerebrovascular Disease,presentation,binary,Cerebrovascular Disease,comor_unlisted_1item,[comor_unlisted_0addi]='1'
373,comor_unlisted_1item___Chronic Haematological Disease,presentation,binary,Chronic Haematological Disease,comor_unlisted_1item,[comor_unlisted_0addi]='1'
374,comor_unlisted_1item___Chronic Infection,presentation,binary,Chronic Infection,comor_unlisted_1item,[comor_unlisted_0addi]='1'
375,comor_unlisted_1item___Chronic Kidney Disease,presentation,binary,Chronic Kidney Disease,comor_unlisted_1item,[comor_unlisted_0addi]='1'
376,comor_unlisted_1item___Chronic Viral Hepatitis,presentation,binary,Chronic Viral Hepatitis,comor_unlisted_1item,[comor_unlisted_0addi]='1'
377,comor_unlisted_1item___Chronic heart disease,presentation,binary,Chronic heart disease,comor_unlisted_1item,[comor_unlisted_0addi]='1'
378,comor_unlisted_1item___Chronic inflammatory disorder,presentation,binary,Chronic inflammatory disorder,comor_unlisted_1item,[comor_unlisted_0addi]='1'
379,comor_unlisted_1item___Chronic lung disease,presentation,binary,Chronic lung disease,comor_unlisted_1item,[comor_unlisted_0addi]='1'
380,comor_unlisted_1item___Chronic metabolic disorder,presentation,binary,Chronic metabolic disorder,comor_unlisted_1item,[comor_unlisted_0addi]='1'
381,comor_unlisted_1item___Congenital Heart Disease,presentation,binary,Congenital Heart Disease,comor_unlisted_1item,[comor_unlisted_0addi]='1'
382,comor_unlisted_1item___Congestive Heart Failure,presentation,binary,Congestive Heart Failure,comor_unlisted_1item,[comor_unlisted_0addi]='1'
383,comor_unlisted_1item___Dementia,presentation,binary,Dementia,comor_unlisted_1item,[comor_unlisted_0addi]='1'
384,comor_unlisted_1item___Diabetes Mellitus (all types),presentation,binary,Diabetes Mellitus (all types),comor_unlisted_1item,[comor_unlisted_0addi]='1'
385,comor_unlisted_1item___Disease of liver,presentation,binary,Disease of liver,comor_unlisted_1item,[comor_unlisted_0addi]='1'
386,comor_unlisted_1item___Disorder of lipid metabolism,presentation,binary,Disorder of lipid metabolism,comor_unlisted_1item,[comor_unlisted_0addi]='1'
387,comor_unlisted_1item___Disorder of pulmonary circulation,presentation,binary,Disorder of pulmonary circulation,comor_unlisted_1item,[comor_unlisted_0addi]='1'
388,comor_unlisted_1item___Essential hypertension,presentation,binary,Essential hypertension,comor_unlisted_1item,[comor_unlisted_0addi]='1'
389,comor_unlisted_1item___Heart valve disorder,presentation,binary,Heart valve disorder,comor_unlisted_1item,[comor_unlisted_0addi]='1'
390,comor_unlisted_1item___Hemiplegia,presentation,binary,Hemiplegia,comor_unlisted_1item,[comor_unlisted_0addi]='1'
391,comor_unlisted_1item___Hyperthyroidism,presentation,binary,Hyperthyroidism,comor_unlisted_1item,[comor_unlisted_0addi]='1'
392,comor_unlisted_1item___Hypothyroidism,presentation,binary,Hypothyroidism,comor_unlisted_1item,[comor_unlisted_0addi]='1'
393,comor_unlisted_1item___Immunosuppression,presentation,binary,Immunosuppression,comor_unlisted_1item,[comor_unlisted_0addi]='1'
394,comor_unlisted_1item___Leukemia,presentation,binary,Leukemia,comor_unlisted_1item,[comor_unlisted_0addi]='1'
395,comor_unlisted_1item___Malignant lymphoma,presentation,binary,Malignant lymphoma,comor_unlisted_1item,[comor_unlisted_0addi]='1'
396,comor_unlisted_1item___Metastatic carcinoid tumor Cancer,presentation,binary,Metastatic carcinoid tumor Cancer,comor_unlisted_1item,[comor_unlisted_0addi]='1'
397,comor_unlisted_1item___Moderate or Severe Liver Disease,presentation,binary,Moderate or Severe Liver Disease,comor_unlisted_1item,[comor_unlisted_0addi]='1'
398,comor_unlisted_1item___Moderate or Severe Renal Disease,presentation,binary,Moderate or Severe Renal Disease,comor_unlisted_1item,[comor_unlisted_0addi]='1'
399,comor_unlisted_1item___Multiple Myeloma,presentation,binary,Multiple Myeloma,comor_unlisted_1item,[comor_unlisted_0addi]='1'
400,comor_unlisted_1item___Myocardial Infarction,presentation,binary,Myocardial Infarction,comor_unlisted_1item,[comor_unlisted_0addi]='1'
401,comor_unlisted_1item___Neurodegenerative Disorders,presentation,binary,Neurodegenerative Disorders,comor_unlisted_1item,[comor_unlisted_0addi]='1'
402,comor_unlisted_1item___Obesity,presentation,binary,Obesity,comor_unlisted_1item,[comor_unlisted_0addi]='1'
403,comor_unlisted_1item___Paraplegia,presentation,binary,Paraplegia,comor_unlisted_1item,[comor_unlisted_0addi]='1'
404,comor_unlisted_1item___Peripheral Vascular Disease,presentation,binary,Peripheral Vascular Disease,comor_unlisted_1item,[comor_unlisted_0addi]='1'
405,comor_unlisted_1item___Primary malignant neoplasm,presentation,binary,Primary malignant neoplasm,comor_unlisted_1item,[comor_unlisted_0addi]='1'
406,comor_unlisted_1item___Psychoactive substance use disorder,presentation,binary,Psychoactive substance use disorder,comor_unlisted_1item,[comor_unlisted_0addi]='1'
407,comor_unlisted_1item___Rare Diseases and Inborn Errors of Metabolism,presentation,binary,Rare Diseases and Inborn Errors of Metabolism,comor_unlisted_1item,[comor_unlisted_0addi]='1'
408,comor_unlisted_1item___Recurrent deep vein thrombosis,presentation,binary,Recurrent deep vein thrombosis,comor_unlisted_1item,[comor_unlisted_0addi]='1'
409,comor_unlisted_1item___Rheumatoid Disorders,presentation,binary,Rheumatoid Disorders,comor_unlisted_1item,[comor_unlisted_0addi]='1'
410,comor_unlisted_1item___Smoking,presentation,binary,Smoking,comor_unlisted_1item,[comor_unlisted_0addi]='1'
411,comor_unlisted_1item___Solid tumor configuration,presentation,binary,Solid tumor configuration,comor_unlisted_1item,[comor_unlisted_0addi]='1'
412,comor_unlisted_1item___Stroke,presentation,binary,Stroke,comor_unlisted_1item,[comor_unlisted_0addi]='1'
413,comor_unlisted_1item___Transplant present,presentation,binary,Transplant present,comor_unlisted_1item,[comor_unlisted_0addi]='1'
414,comor_unlisted_1item___Tuberculosis,presentation,binary,Tuberculosis,comor_unlisted_1item,[comor_unlisted_0addi]='1'
415,comor_unlisted_1item___Undifferentiated connective tissue disease,presentation,binary,Undifferentiated connective tissue disease,comor_unlisted_1item,[comor_unlisted_0addi]='1'
416,comor_unlisted_1addi,presentation,binary,>Any additional other relevant comorbidity(s) ?,comor,[comor_unlisted_0addi]='1'
417,comor_unlisted_2item,presentation,categorical,->Select additional other relevant comorbidity(s) 3,comor,[comor_unlisted_1addi]='1'
418,comor_unlisted_2item___Acute-on-chronic renal failure,presentation,binary,Acute-on-chronic renal failure,comor_unlisted_2item,[comor_unlisted_1addi]='1'
419,comor_unlisted_2item___Asplenia,presentation,binary,Asplenia,comor_unlisted_2item,[comor_unlisted_1addi]='1'
420,comor_unlisted_2item___Atrial Fibrillation,presentation,binary,Atrial Fibrillation,comor_unlisted_2item,[comor_unlisted_1addi]='1'
421,comor_unlisted_2item___Autoimmune Disease,presentation,binary,Autoimmune Disease,comor_unlisted_2item,[comor_unlisted_1addi]='1'
422,comor_unlisted_2item___Blood coagulation disorder,presentation,binary,Blood coagulation disorder,comor_unlisted_2item,[comor_unlisted_1addi]='1'
423,comor_unlisted_2item___Chronic Infection,presentation,binary,Chronic Infection,comor_unlisted_2item,[comor_unlisted_1addi]='1'
424,comor_unlisted_2item___Chronic Viral Hepatitis,presentation,binary,Chronic Viral Hepatitis,comor_unlisted_2item,[comor_unlisted_1addi]='1'
425,comor_unlisted_2item___Chronic heart disease,presentation,binary,Chronic heart disease,comor_unlisted_2item,[comor_unlisted_1addi]='1'
426,comor_unlisted_2item___Chronic lung disease,presentation,binary,Chronic lung disease,comor_unlisted_2item,[comor_unlisted_1addi]='1'
427,comor_unlisted_2item___Congestive Heart Failure,presentation,binary,Congestive Heart Failure,comor_unlisted_2item,[comor_unlisted_1addi]='1'
428,comor_unlisted_2item___Diabetes Mellitus (all types),presentation,binary,Diabetes Mellitus (all types),comor_unlisted_2item,[comor_unlisted_1addi]='1'
429,comor_unlisted_2item___Disease of liver,presentation,binary,Disease of liver,comor_unlisted_2item,[comor_unlisted_1addi]='1'
430,comor_unlisted_2item___Disorder of lipid metabolism,presentation,binary,Disorder of lipid metabolism,comor_unlisted_2item,[comor_unlisted_1addi]='1'
431,comor_unlisted_2item___Essential hypertension,presentation,binary,Essential hypertension,comor_unlisted_2item,[comor_unlisted_1addi]='1'
432,comor_unlisted_2item___Hypothyroidism,presentation,binary,Hypothyroidism,comor_unlisted_2item,[comor_unlisted_1addi]='1'
433,comor_unlisted_2item___Leukemia,presentation,binary,Leukemia,comor_unlisted_2item,[comor_unlisted_1addi]='1'
434,comor_unlisted_2item___Moderate or Severe Renal Disease,presentation,binary,Moderate or Severe Renal Disease,comor_unlisted_2item,[comor_unlisted_1addi]='1'
435,comor_unlisted_2item___Multiple Myeloma,presentation,binary,Multiple Myeloma,comor_unlisted_2item,[comor_unlisted_1addi]='1'
436,comor_unlisted_2item___Myocardial Infarction,presentation,binary,Myocardial Infarction,comor_unlisted_2item,[comor_unlisted_1addi]='1'
437,comor_unlisted_2item___Neurodegenerative Disorders,presentation,binary,Neurodegenerative Disorders,comor_unlisted_2item,[comor_unlisted_1addi]='1'
438,comor_unlisted_2item___Neurological disorder confirmed,presentation,binary,Neurological disorder confirmed,comor_unlisted_2item,[comor_unlisted_1addi]='1'
439,comor_unlisted_2item___Paraplegia,presentation,binary,Paraplegia,comor_unlisted_2item,[comor_unlisted_1addi]='1'
440,comor_unlisted_2item___Peripheral Vascular Disease,presentation,binary,Peripheral Vascular Disease,comor_unlisted_2item,[comor_unlisted_1addi]='1'
441,comor_unlisted_2item___Psychoactive substance use disorder,presentation,binary,Psychoactive substance use disorder,comor_unlisted_2item,[comor_unlisted_1addi]='1'
442,comor_unlisted_2item___Rare Diseases and Inborn Errors of Metabolism,presentation,binary,Rare Diseases and Inborn Errors of Metabolism,comor_unlisted_2item,[comor_unlisted_1addi]='1'
443,comor_unlisted_2item___Reactive psychoses,presentation,binary,Reactive psychoses,comor_unlisted_2item,[comor_unlisted_1addi]='1'
444,comor_unlisted_2item___Recurrent deep vein thrombosis,presentation,binary,Recurrent deep vein thrombosis,comor_unlisted_2item,[comor_unlisted_1addi]='1'
445,comor_unlisted_2item___Smoking,presentation,binary,Smoking,comor_unlisted_2item,[comor_unlisted_1addi]='1'
446,comor_unlisted_2item___Tuberculosis,presentation,binary,Tuberculosis,comor_unlisted_2item,[comor_unlisted_1addi]='1'
447,comor_unlisted_2item___Undifferentiated connective tissue disease,presentation,binary,Undifferentiated connective tissue disease,comor_unlisted_2item,[comor_unlisted_1addi]='1'
448,comor_unlisted_2addi,presentation,binary,->Any additional other relevant comorbidity(s) ?,comor,[comor_unlisted_1addi]='1'
449,comor_unlisted_3item,presentation,categorical,>->Select additional other relevant comorbidity(s) 4,comor,[comor_unlisted_2addi]='1'
450,comor_unlisted_3item___Cardiomyopathy,presentation,binary,Cardiomyopathy,comor_unlisted_3item,[comor_unlisted_2addi]='1'
451,comor_unlisted_3item___Chronic inflammatory disorder,presentation,binary,Chronic inflammatory disorder,comor_unlisted_3item,[comor_unlisted_2addi]='1'
452,comor_unlisted_3item___Chronic lung disease,presentation,binary,Chronic lung disease,comor_unlisted_3item,[comor_unlisted_2addi]='1'
453,comor_unlisted_3item___Neurodegenerative Disorders,presentation,binary,Neurodegenerative Disorders,comor_unlisted_3item,[comor_unlisted_2addi]='1'
454,comor_unlisted_3item___Stroke,presentation,binary,Stroke,comor_unlisted_3item,[comor_unlisted_2addi]='1'
455,comor_unlisted_3item___Tuberculosis,presentation,binary,Tuberculosis,comor_unlisted_3item,[comor_unlisted_2addi]='1'
456,comor_unlisted_3item___Undifferentiated connective tissue disease,presentation,binary,Undifferentiated connective tissue disease,comor_unlisted_3item,[comor_unlisted_2addi]='1'
457,comor_unlisted_3addi,presentation,binary,>->Any additional other relevant comorbidity(s) ?,comor,[comor_unlisted_2addi]='1'
458,comor_unlisted_4item,presentation,categorical,->->Select additional other relevant comorbidity(s) 5,comor,[comor_unlisted_3addi]='1'
459,comor_unlisted_4item___Congenital Heart Disease,presentation,binary,Congenital Heart Disease,comor_unlisted_4item,[comor_unlisted_3addi]='1'
460,comor_unlisted_4item___Rheumatoid Disorders,presentation,binary,Rheumatoid Disorders,comor_unlisted_4item,[comor_unlisted_3addi]='1'
461,comor_unlisted_4item___Transplant present,presentation,binary,Transplant present,comor_unlisted_4item,[comor_unlisted_3addi]='1'
462,medic,presentation,section,MEDICAL HISTORY,,
463,medic_previnf,presentation,binary,Is the patient known to have had previous infection(s) with this pathogen?  ,medic,
464,medic_infstartdate,presentation,date,When did the previous episode begin?,medic,[medic_previnf]='1'
465,medic_infenddate,presentation,date,When did the previous episode end?,medic,[medic_previnf]='1'
466,medic_labtest,presentation,binary,Was the previous episode confirmed by laboratory testing?,medic,[medic_previnf]='1'
467,medic_cpoxpast,presentation,binary,Known to have previous chickenpox infection(s)?,medic,
468,medic_cpox,presentation,binary,Active chickenpox,medic,
469,medic_actshingles,presentation,binary,Active shingles (herpes zoster),medic,
470,medic_sti,presentation,binary,Active sexually transmitted infection,medic,
471,medic_sti_type,presentation,checkbox,Specify active STI,medic,[medic_sti]='1'
472,medic_sti_type___Herpes Simplex Virus (HSV),presentation,binary,Herpes Simplex Virus (HSV),medic_sti_type,[medic_sti]='1'
473,medic_sti_type___Human Papillomavirus (HPV),presentation,binary,Human Papillomavirus (HPV),medic_sti_type,[medic_sti]='1'
474,medic_sti_type___Chlamydia,presentation,binary,Chlamydia,medic_sti_type,[medic_sti]='1'
475,medic_sti_type___Gonorrhoea,presentation,binary,Gonorrhoea,medic_sti_type,[medic_sti]='1'
476,medic_sti_type___Syphilis,presentation,binary,Syphilis,medic_sti_type,[medic_sti]='1'
477,medic_sti_type___Mycoplasma genitalium,presentation,binary,Mycoplasma genitalium,medic_sti_type,[medic_sti]='1'
478,medic_sti_type___Unknown,presentation,binary,Unknown,medic_sti_type,[medic_sti]='1'
479,medic_sti_type___Other,presentation,binary,Other,medic_sti_type,[medic_sti]='1'
480,medic_sti_oth,presentation,freetext,specify other active STI,medic,[medic_sti_type(88)]='1'
481,drug14,presentation,section,MEDICATION PRIOR TO THIS ADMISSION / PRESENTATION,,
482,drug14_antiviral,presentation,binary,Antiviral,drug14,
483,drug14_antiviral_type,presentation,checkbox,Antiviral,drug14,[drug14_antiviral] = '1'
484,drug14_antiviral_type___Brincidofovir,presentation,binary,Brincidofovir,drug14_antiviral_type,[drug14_antiviral] = '1'
485,drug14_antiviral_type___Cidofovir (Vistide),presentation,binary,Cidofovir (Vistide),drug14_antiviral_type,[drug14_antiviral] = '1'
486,drug14_antiviral_type___Tecovirimat,presentation,binary,Tecovirimat,drug14_antiviral_type,[drug14_antiviral] = '1'
487,drug14_antiviral_type___Other,presentation,binary,Other,drug14_antiviral_type,[drug14_antiviral] = '1'
488,drug14_antiviral_route,presentation,checkbox,Antiviral administration route,drug14,[drug14_antiviral] = '1'
489,drug14_antiviral_route___Oral,presentation,binary,Oral,drug14_antiviral_route,[drug14_antiviral] = '1'
490,drug14_antiviral_route___Inhaled,presentation,binary,Inhaled,drug14_antiviral_route,[drug14_antiviral] = '1'
491,drug14_antiviral_route___IV,presentation,binary,IV,drug14_antiviral_route,[drug14_antiviral] = '1'
492,drug14_antiviral_route___Topical,presentation,binary,Topical,drug14_antiviral_route,[drug14_antiviral] = '1'
493,drug14_antiviral_route___Unknown,presentation,binary,Unknown,drug14_antiviral_route,[drug14_antiviral] = '1'
494,drug14_antiviraldate,presentation,date,Antiviral start date,drug14,[drug14_antiviral] = '1'
495,drug14_antiviralday,presentation,numeric,Number of days antivirals taken,drug14,[drug14_antiviral] = '1'
496,drug14_antiviral_otherl2,presentation,categorical,Select Antiviral,drug14,[drug14_antiviral_type(88)]='1'
497,drug14_antiviral_otherl2___Bulevirtide (Hepcludex),presentation,binary,Bulevirtide (Hepcludex),drug14_antiviral_otherl2,[drug14_antiviral_type(88)]='1'
498,drug14_antiviral_otherl2___Dolutegravir (Tivicay),presentation,binary,Dolutegravir (Tivicay),drug14_antiviral_otherl2,[drug14_antiviral_type(88)]='1'
499,drug14_antiviral_otherl2___Efavirenz (Sustiva),presentation,binary,Efavirenz (Sustiva),drug14_antiviral_otherl2,[drug14_antiviral_type(88)]='1'
500,drug14_antiviral_otherl2___Emtricitabine (Emtriva),presentation,binary,Emtricitabine (Emtriva),drug14_antiviral_otherl2,[drug14_antiviral_type(88)]='1'
501,drug14_antiviral_otherl2___Famciclovir (Famvir),presentation,binary,Famciclovir (Famvir),drug14_antiviral_otherl2,[drug14_antiviral_type(88)]='1'
502,drug14_antiviral_otherl2___Ganciclovir (Cytovene),presentation,binary,Ganciclovir (Cytovene),drug14_antiviral_otherl2,[drug14_antiviral_type(88)]='1'
503,"drug14_antiviral_otherl2___Lamivudine (Epivir, 3TC)",presentation,binary,"Lamivudine (Epivir, 3TC)",drug14_antiviral_otherl2,[drug14_antiviral_type(88)]='1'
504,drug14_antiviral_otherl2___Laninamivir,presentation,binary,Laninamivir,drug14_antiviral_otherl2,[drug14_antiviral_type(88)]='1'
505,drug14_antiviral_otherl2___Lopinavir/Ritonavir (Kaletra),presentation,binary,Lopinavir/Ritonavir (Kaletra),drug14_antiviral_otherl2,[drug14_antiviral_type(88)]='1'
506,drug14_antiviral_otherl2___Oseltamivir (Tamiflu),presentation,binary,Oseltamivir (Tamiflu),drug14_antiviral_otherl2,[drug14_antiviral_type(88)]='1'
507,drug14_antiviral_otherl2___Peramivir,presentation,binary,Peramivir,drug14_antiviral_otherl2,[drug14_antiviral_type(88)]='1'
508,drug14_antiviral_otherl2___Raltegravir (Isentress),presentation,binary,Raltegravir (Isentress),drug14_antiviral_otherl2,[drug14_antiviral_type(88)]='1'
509,"drug14_antiviral_otherl2___Ribavirin (Rebetol, Copegus)",presentation,binary,"Ribavirin (Rebetol, Copegus)",drug14_antiviral_otherl2,[drug14_antiviral_type(88)]='1'
510,drug14_antiviral_otherl2___Rimantadine (Flumadine),presentation,binary,Rimantadine (Flumadine),drug14_antiviral_otherl2,[drug14_antiviral_type(88)]='1'
511,drug14_antiviral_otherl2___Valganciclovir (Valcyte),presentation,binary,Valganciclovir (Valcyte),drug14_antiviral_otherl2,[drug14_antiviral_type(88)]='1'
512,drug14_antiviral_otherl2___Zalcitabine,presentation,binary,Zalcitabine,drug14_antiviral_otherl2,[drug14_antiviral_type(88)]='1'
513,drug14_steroid,presentation,binary,Corticosteroid,drug14,
514,drug14_steroid_type,presentation,checkbox,Corticosteroid,drug14,[drug14_steroid]='1'
515,"drug14_steroid_type___Dexamethasone (Decadron, Dexasone, Diodex)",presentation,binary,"Dexamethasone (Decadron, Dexasone, Diodex)",drug14_steroid_type,[drug14_steroid]='1'
516,"drug14_steroid_type___Hydrocortisone (Cortef, Solu-Cortef)",presentation,binary,"Hydrocortisone (Cortef, Solu-Cortef)",drug14_steroid_type,[drug14_steroid]='1'
517,"drug14_steroid_type___Methylprednisolone (Medrol, Solu-Medrol)",presentation,binary,"Methylprednisolone (Medrol, Solu-Medrol)",drug14_steroid_type,[drug14_steroid]='1'
518,drug14_steroid_type___Prednisone (Deltasone),presentation,binary,Prednisone (Deltasone),drug14_steroid_type,[drug14_steroid]='1'
519,drug14_steroid_type___Other,presentation,binary,Other,drug14_steroid_type,[drug14_steroid]='1'
520,drug14_steroid_route,presentation,checkbox,Corticosteroid administration route,drug14,[drug14_steroid]='1'
521,drug14_steroid_route___Oral,presentation,binary,Oral,drug14_steroid_route,[drug14_steroid]='1'
522,drug14_steroid_route___Inhaled,presentation,binary,Inhaled,drug14_steroid_route,[drug14_steroid]='1'
523,drug14_steroid_route___IV,presentation,binary,IV,drug14_steroid_route,[drug14_steroid]='1'
524,drug14_steroid_route___Unknown,presentation,binary,Unknown,drug14_steroid_route,[drug14_steroid]='1'
525,drug14_steroid_date,presentation,date,Corticoteroid start date,drug14,[drug14_steroid]='1'
526,drug14_steroid_day,presentation,numeric,Number of days corticosteroid taken,drug14,[drug14_steroid]='1'
527,drug14_steroid_otherl2,presentation,categorical,Select Corticosteroid,drug14,[drug14_steroid_type(88)]='1'
528,"drug14_steroid_otherl2___Beclomethasone (Beclometasone, Beconase)",presentation,binary,"Beclomethasone (Beclometasone, Beconase)",drug14_steroid_otherl2,[drug14_steroid_type(88)]='1'
529,"drug14_steroid_otherl2___Betamethasone (Celestone, Betnelan)",presentation,binary,"Betamethasone (Celestone, Betnelan)",drug14_steroid_otherl2,[drug14_steroid_type(88)]='1'
530,drug14_steroid_otherl2___Budesonide (Pulmicort),presentation,binary,Budesonide (Pulmicort),drug14_steroid_otherl2,[drug14_steroid_type(88)]='1'
531,drug14_steroid_otherl2___Cortisone (Cortone),presentation,binary,Cortisone (Cortone),drug14_steroid_otherl2,[drug14_steroid_type(88)]='1'
532,"drug14_steroid_otherl2___Fludrocortisone (Astonin, Florinef)",presentation,binary,"Fludrocortisone (Astonin, Florinef)",drug14_steroid_otherl2,[drug14_steroid_type(88)]='1'
533,"drug14_steroid_otherl2___Fluticasone (Flovent, Flonase)",presentation,binary,"Fluticasone (Flovent, Flonase)",drug14_steroid_otherl2,[drug14_steroid_type(88)]='1'
534,"drug14_steroid_otherl2___Mometasone (Asmanex, Elocon, Nasonex)",presentation,binary,"Mometasone (Asmanex, Elocon, Nasonex)",drug14_steroid_otherl2,[drug14_steroid_type(88)]='1'
535,"drug14_steroid_otherl2___Triamcinolone (Kenalog, Aristocort)",presentation,binary,"Triamcinolone (Kenalog, Aristocort)",drug14_steroid_otherl2,[drug14_steroid_type(88)]='1'
536,drug14_steroid_otherl2___Other,presentation,binary,Other,drug14_steroid_otherl2,[drug14_steroid_type(88)]='1'
537,drug14_steroid_otherl3,presentation,freetext,Specify other Corticosteroid,drug14,[drug14_steroid_otherl2]='88'
538,drug14_immunusupp,presentation,binary,Immunosuppressant agents (not corticosteroids),drug14,
539,drug14_antibiotic,presentation,binary,Antibiotics,drug14,
540,drug14_antibiotic_type,presentation,checkbox,Antibiotics,drug14,[drug14_antibiotic]='1'
541,"drug14_antibiotic_type___Azithromycin (Sumamed, Zithromax, Zmax)",presentation,binary,"Azithromycin (Sumamed, Zithromax, Zmax)",drug14_antibiotic_type,[drug14_antibiotic]='1'
542,"drug14_antibiotic_type___Doxycycline (Vibramycin, Oracea, Monodox)",presentation,binary,"Doxycycline (Vibramycin, Oracea, Monodox)",drug14_antibiotic_type,[drug14_antibiotic]='1'
543,drug14_antibiotic_type___Other,presentation,binary,Other,drug14_antibiotic_type,[drug14_antibiotic]='1'
544,drug14_antibiotic_otherl2,presentation,categorical,Select Antibiotics,drug14,[drug14_antibiotic_type(88)]='1'
545,"drug14_antibiotic_otherl2___Amphotericin (Amphotericin B, Amphocin, Fungizone, Fungilin)",presentation,binary,"Amphotericin (Amphotericin B, Amphocin, Fungizone, Fungilin)",drug14_antibiotic_otherl2,[drug14_antibiotic_type(88)]='1'
546,"drug14_antibiotic_otherl2___Atovaquone (Mepron, Wellvone)",presentation,binary,"Atovaquone (Mepron, Wellvone)",drug14_antibiotic_otherl2,[drug14_antibiotic_type(88)]='1'
547,"drug14_antibiotic_otherl2___Aztreonam (Azactam, Cayston, Primbactam)",presentation,binary,"Aztreonam (Azactam, Cayston, Primbactam)",drug14_antibiotic_otherl2,[drug14_antibiotic_type(88)]='1'
548,"drug14_antibiotic_otherl2___Bacampicillin (Penglobe, Spectrobid)",presentation,binary,"Bacampicillin (Penglobe, Spectrobid)",drug14_antibiotic_otherl2,[drug14_antibiotic_type(88)]='1'
549,drug14_antibiotic_otherl2___Bacitracin (Baciguent),presentation,binary,Bacitracin (Baciguent),drug14_antibiotic_otherl2,[drug14_antibiotic_type(88)]='1'
550,drug14_antibiotic_otherl2___Benzathine phenoxymethylpenicillin (Penicillin V),presentation,binary,Benzathine phenoxymethylpenicillin (Penicillin V),drug14_antibiotic_otherl2,[drug14_antibiotic_type(88)]='1'
551,drug14_antibiotic_otherl2___Capreomycin (Capastat),presentation,binary,Capreomycin (Capastat),drug14_antibiotic_otherl2,[drug14_antibiotic_type(88)]='1'
552,"drug14_antibiotic_otherl2___Carbenicillin indanyl sodium (Anabactyl, Carbapen, Carindacillin, Pyopen)",presentation,binary,"Carbenicillin indanyl sodium (Anabactyl, Carbapen, Carindacillin, Pyopen)",drug14_antibiotic_otherl2,[drug14_antibiotic_type(88)]='1'
553,drug14_antibiotic_otherl2___Caspofungin (Cancidas),presentation,binary,Caspofungin (Cancidas),drug14_antibiotic_otherl2,[drug14_antibiotic_type(88)]='1'
554,"drug14_antibiotic_otherl2___Cefaclor (Biocef, Ceclor, Raniclor)",presentation,binary,"Cefaclor (Biocef, Ceclor, Raniclor)",drug14_antibiotic_otherl2,[drug14_antibiotic_type(88)]='1'
555,drug14_antibiotic_otherl2___Cefamandole (Mandol),presentation,binary,Cefamandole (Mandol),drug14_antibiotic_otherl2,[drug14_antibiotic_type(88)]='1'
556,"drug14_antibiotic_otherl2___Cefdinir (Cefzon, Omnicef)",presentation,binary,"Cefdinir (Cefzon, Omnicef)",drug14_antibiotic_otherl2,[drug14_antibiotic_type(88)]='1'
557,drug14_antibiotic_otherl2___Cefditoren (Spectracef),presentation,binary,Cefditoren (Spectracef),drug14_antibiotic_otherl2,[drug14_antibiotic_type(88)]='1'
558,drug14_antibiotic_otherl2___Cefixime (Suprax),presentation,binary,Cefixime (Suprax),drug14_antibiotic_otherl2,[drug14_antibiotic_type(88)]='1'
559,drug14_antibiotic_otherl2___Cefmetazole (Zefazone),presentation,binary,Cefmetazole (Zefazone),drug14_antibiotic_otherl2,[drug14_antibiotic_type(88)]='1'
560,drug14_antibiotic_otherl2___Cefoperazone (Cefobid),presentation,binary,Cefoperazone (Cefobid),drug14_antibiotic_otherl2,[drug14_antibiotic_type(88)]='1'
561,drug14_antibiotic_otherl2___Cefotetan (Cefotan),presentation,binary,Cefotetan (Cefotan),drug14_antibiotic_otherl2,[drug14_antibiotic_type(88)]='1'
562,"drug14_antibiotic_otherl2___Cefoxitin (Mefoxin, Renoxitin)",presentation,binary,"Cefoxitin (Mefoxin, Renoxitin)",drug14_antibiotic_otherl2,[drug14_antibiotic_type(88)]='1'
563,drug14_antibiotic_otherl2___Cefpodoxime Proxetil (Vantin),presentation,binary,Cefpodoxime Proxetil (Vantin),drug14_antibiotic_otherl2,[drug14_antibiotic_type(88)]='1'
564,"drug14_antibiotic_otherl2___Ceftazidime/beta-lactamase inhibitor (ceftazidime/avibactam, Avycaz, Zavicefta)",presentation,binary,"Ceftazidime/beta-lactamase inhibitor (ceftazidime/avibactam, Avycaz, Zavicefta)",drug14_antibiotic_otherl2,[drug14_antibiotic_type(88)]='1'
565,drug14_antibiotic_otherl2___Ceftibuten (Cedax),presentation,binary,Ceftibuten (Cedax),drug14_antibiotic_otherl2,[drug14_antibiotic_type(88)]='1'
566,drug14_antibiotic_otherl2___Ceftizoxime (Cefizox),presentation,binary,Ceftizoxime (Cefizox),drug14_antibiotic_otherl2,[drug14_antibiotic_type(88)]='1'
567,"drug14_antibiotic_otherl2___Cephalexin (Cefalexin, Keflex, Daxbia)",presentation,binary,"Cephalexin (Cefalexin, Keflex, Daxbia)",drug14_antibiotic_otherl2,[drug14_antibiotic_type(88)]='1'
568,"drug14_antibiotic_otherl2___Cephalothin (Cefalotin,",presentation,binary,"Cephalothin (Cefalotin,",drug14_antibiotic_otherl2,[drug14_antibiotic_type(88)]='1'
569,"drug14_antibiotic_otherl2___Cephapirin (Cefapirin,",presentation,binary,"Cephapirin (Cefapirin,",drug14_antibiotic_otherl2,[drug14_antibiotic_type(88)]='1'
570,"drug14_antibiotic_otherl2___Cephradine (Cefradine, Velosef)",presentation,binary,"Cephradine (Cefradine, Velosef)",drug14_antibiotic_otherl2,[drug14_antibiotic_type(88)]='1'
571,"drug14_antibiotic_otherl2___Chloramphenicol (Chloromycetin, Viceton)",presentation,binary,"Chloramphenicol (Chloromycetin, Viceton)",drug14_antibiotic_otherl2,[drug14_antibiotic_type(88)]='1'
572,drug14_antibiotic_otherl2___Cinoxacin (Cinobac),presentation,binary,Cinoxacin (Cinobac),drug14_antibiotic_otherl2,[drug14_antibiotic_type(88)]='1'
573,"drug14_antibiotic_otherl2___Cloxacillin (Tegopen, Cloxapen)",presentation,binary,"Cloxacillin (Tegopen, Cloxapen)",drug14_antibiotic_otherl2,[drug14_antibiotic_type(88)]='1'
574,"drug14_antibiotic_otherl2___Colistin (Colistimethate, Coly Mycin M, Colobreathe, Xylistin)",presentation,binary,"Colistin (Colistimethate, Coly Mycin M, Colobreathe, Xylistin)",drug14_antibiotic_otherl2,[drug14_antibiotic_type(88)]='1'
575,"drug14_antibiotic_otherl2___Daptomycin (Dapzura, Cubicin)",presentation,binary,"Daptomycin (Dapzura, Cubicin)",drug14_antibiotic_otherl2,[drug14_antibiotic_type(88)]='1'
576,drug14_antibiotic_otherl2___Dirithromycin (Dynabac),presentation,binary,Dirithromycin (Dynabac),drug14_antibiotic_otherl2,[drug14_antibiotic_type(88)]='1'
577,"drug14_antibiotic_otherl2___Doripenem (Doribax, Finibax)",presentation,binary,"Doripenem (Doribax, Finibax)",drug14_antibiotic_otherl2,[drug14_antibiotic_type(88)]='1'
578,drug14_antibiotic_otherl2___Enoxacin,presentation,binary,Enoxacin,drug14_antibiotic_otherl2,[drug14_antibiotic_type(88)]='1'
579,drug14_antibiotic_otherl2___Ethambutol,presentation,binary,Ethambutol,drug14_antibiotic_otherl2,[drug14_antibiotic_type(88)]='1'
580,drug14_antibiotic_otherl2___Fusidic acid,presentation,binary,Fusidic acid,drug14_antibiotic_otherl2,[drug14_antibiotic_type(88)]='1'
581,drug14_antibiotic_otherl2___Gatifloxacin (Tequin),presentation,binary,Gatifloxacin (Tequin),drug14_antibiotic_otherl2,[drug14_antibiotic_type(88)]='1'
582,drug14_antibiotic_otherl2___Grepafloxacin,presentation,binary,Grepafloxacin,drug14_antibiotic_otherl2,[drug14_antibiotic_type(88)]='1'
583,drug14_antibiotic_otherl2___Kanamycin (Kantrex),presentation,binary,Kanamycin (Kantrex),drug14_antibiotic_otherl2,[drug14_antibiotic_type(88)]='1'
584,"drug14_antibiotic_otherl2___Lincomycin (Linobac, Lincomed)",presentation,binary,"Lincomycin (Linobac, Lincomed)",drug14_antibiotic_otherl2,[drug14_antibiotic_type(88)]='1'
585,"drug14_antibiotic_otherl2___Methenamine hippurate (Hiprex, Urex)",presentation,binary,"Methenamine hippurate (Hiprex, Urex)",drug14_antibiotic_otherl2,[drug14_antibiotic_type(88)]='1'
586,"drug14_antibiotic_otherl2___Methicillin (Meticillin, Staphcillin)",presentation,binary,"Methicillin (Meticillin, Staphcillin)",drug14_antibiotic_otherl2,[drug14_antibiotic_type(88)]='1'
587,"drug14_antibiotic_otherl2___Mezlocillin (Baypen, Melocin, Bezlin, Optocillin)",presentation,binary,"Mezlocillin (Baypen, Melocin, Bezlin, Optocillin)",drug14_antibiotic_otherl2,[drug14_antibiotic_type(88)]='1'
588,"drug14_antibiotic_otherl2___Minocycline (Minocin, Ximino)",presentation,binary,"Minocycline (Minocin, Ximino)",drug14_antibiotic_otherl2,[drug14_antibiotic_type(88)]='1'
589,drug14_antibiotic_otherl2___Nafcillin,presentation,binary,Nafcillin,drug14_antibiotic_otherl2,[drug14_antibiotic_type(88)]='1'
590,"drug14_antibiotic_otherl2___Nalidixic Acid (NegGram, Wintomylon)",presentation,binary,"Nalidixic Acid (NegGram, Wintomylon)",drug14_antibiotic_otherl2,[drug14_antibiotic_type(88)]='1'
591,drug14_antibiotic_otherl2___Netilmicin (Netromycin),presentation,binary,Netilmicin (Netromycin),drug14_antibiotic_otherl2,[drug14_antibiotic_type(88)]='1'
592,"drug14_antibiotic_otherl2___Nitrofural (Aldomycin, Furacin, NFZ)",presentation,binary,"Nitrofural (Aldomycin, Furacin, NFZ)",drug14_antibiotic_otherl2,[drug14_antibiotic_type(88)]='1'
593,"drug14_antibiotic_otherl2___Norfloxacin (Trizolin, Noroxin)",presentation,binary,"Norfloxacin (Trizolin, Noroxin)",drug14_antibiotic_otherl2,[drug14_antibiotic_type(88)]='1'
594,drug14_antibiotic_otherl2___Novobiocin (Albadry),presentation,binary,Novobiocin (Albadry),drug14_antibiotic_otherl2,[drug14_antibiotic_type(88)]='1'
595,"drug14_antibiotic_otherl2___Ofloxacin (Floxin, Ocuflox)",presentation,binary,"Ofloxacin (Floxin, Ocuflox)",drug14_antibiotic_otherl2,[drug14_antibiotic_type(88)]='1'
596,drug14_antibiotic_otherl2___Oxacillin (Bactocill),presentation,binary,Oxacillin (Bactocill),drug14_antibiotic_otherl2,[drug14_antibiotic_type(88)]='1'
597,drug14_antibiotic_otherl2___Plazomicin (Zemdri),presentation,binary,Plazomicin (Zemdri),drug14_antibiotic_otherl2,[drug14_antibiotic_type(88)]='1'
598,"drug14_antibiotic_otherl2___Polymyxin B (Poly-Rx, Polysporin)",presentation,binary,"Polymyxin B (Poly-Rx, Polysporin)",drug14_antibiotic_otherl2,[drug14_antibiotic_type(88)]='1'
599,"drug14_antibiotic_otherl2___Procaine benzylpenicillin (Penicillin G, Bactracillin G, Norocillin)",presentation,binary,"Procaine benzylpenicillin (Penicillin G, Bactracillin G, Norocillin)",drug14_antibiotic_otherl2,[drug14_antibiotic_type(88)]='1'
600,drug14_antibiotic_otherl2___Pyrazinamide,presentation,binary,Pyrazinamide,drug14_antibiotic_otherl2,[drug14_antibiotic_type(88)]='1'
601,drug14_antibiotic_otherl2___Quinupristin/Dalfopristin (Synercid),presentation,binary,Quinupristin/Dalfopristin (Synercid),drug14_antibiotic_otherl2,[drug14_antibiotic_type(88)]='1'
602,drug14_antibiotic_otherl2___Rifapentine (Priftin),presentation,binary,Rifapentine (Priftin),drug14_antibiotic_otherl2,[drug14_antibiotic_type(88)]='1'
603,"drug14_antibiotic_otherl2___Roxithromycin (Biaxsig, Rulide)",presentation,binary,"Roxithromycin (Biaxsig, Rulide)",drug14_antibiotic_otherl2,[drug14_antibiotic_type(88)]='1'
604,drug14_antibiotic_otherl2___Sparfloxacin (Spacin),presentation,binary,Sparfloxacin (Spacin),drug14_antibiotic_otherl2,[drug14_antibiotic_type(88)]='1'
605,drug14_antibiotic_otherl2___Spectinomycin (SpectoGard),presentation,binary,Spectinomycin (SpectoGard),drug14_antibiotic_otherl2,[drug14_antibiotic_type(88)]='1'
606,drug14_antibiotic_otherl2___Streptomycin,presentation,binary,Streptomycin,drug14_antibiotic_otherl2,[drug14_antibiotic_type(88)]='1'
607,drug14_antibiotic_otherl2___Sulfadiazine,presentation,binary,Sulfadiazine,drug14_antibiotic_otherl2,[drug14_antibiotic_type(88)]='1'
608,"drug14_antibiotic_otherl2___Sulfisoxazole (Sulfafurazole, Truxazole)",presentation,binary,"Sulfisoxazole (Sulfafurazole, Truxazole)",drug14_antibiotic_otherl2,[drug14_antibiotic_type(88)]='1'
609,"drug14_antibiotic_otherl2___Telavancin (Televancin, Vibativ)",presentation,binary,"Telavancin (Televancin, Vibativ)",drug14_antibiotic_otherl2,[drug14_antibiotic_type(88)]='1'
610,drug14_antibiotic_otherl2___Telithromycin (Levviax),presentation,binary,Telithromycin (Levviax),drug14_antibiotic_otherl2,[drug14_antibiotic_type(88)]='1'
611,"drug14_antibiotic_otherl2___Tetracycline (Viabecline, Vitastem)",presentation,binary,"Tetracycline (Viabecline, Vitastem)",drug14_antibiotic_otherl2,[drug14_antibiotic_type(88)]='1'
612,drug14_antibiotic_otherl2___Ticarcillin,presentation,binary,Ticarcillin,drug14_antibiotic_otherl2,[drug14_antibiotic_type(88)]='1'
613,drug14_antibiotic_otherl2___Ticarcillin/Beta-lactamase inhibitor (Ticacillin/Clavulanate),presentation,binary,Ticarcillin/Beta-lactamase inhibitor (Ticacillin/Clavulanate),drug14_antibiotic_otherl2,[drug14_antibiotic_type(88)]='1'
614,drug14_antibiotic_otherl2___Trovafloxacin (Trovan),presentation,binary,Trovafloxacin (Trovan),drug14_antibiotic_otherl2,[drug14_antibiotic_type(88)]='1'
615,drug14_antibiotic_otherl2___Voriconazole (Vfend),presentation,binary,Voriconazole (Vfend),drug14_antibiotic_otherl2,[drug14_antibiotic_type(88)]='1'
616,drug14_antibiotic_otherl2___Xibornol,presentation,binary,Xibornol,drug14_antibiotic_otherl2,[drug14_antibiotic_type(88)]='1'
617,drug14_antibiotic_otherl2___Other,presentation,binary,Other,drug14_antibiotic_otherl2,[drug14_antibiotic_type(88)]='1'
618,drug14_antibiotic_otherl3,presentation,freetext,Specify other Antibiotics,drug14,[drug14_antibiotic_otherl2]='88'
619,drug14_herb,presentation,binary,Herbal or traditional treatment,drug14,
620,drug14_herbreas,presentation,freetext,Specify active ingredient in herbal or traditional treatment,drug14,[drug14_herb]='1'
621,drug14_hivprep,presentation,binary,HIV PrEP / PEP,drug14,
622,drug14_unlisted,presentation,binary,Other pathogen-targeted medications,drug14,
623,drug14_unlisted_type,presentation,categorical,Specify other pathogen-targeted medications,drug14,[drug14_unlisted]='1'
624,drug14_unlisted_type___Other,presentation,binary,Other,drug14_unlisted_type,[drug14_unlisted]='1'
625,drug14_unlisted_otherl2,presentation,categorical,Select Specify other pathogen-targeted medications,drug14,[drug14_unlisted_type]='88'
626,drug14_unlisted_otherl2___Aminophylline (Truphylline),presentation,binary,Aminophylline (Truphylline),drug14_unlisted_otherl2,[drug14_unlisted_type]='88'
627,"drug14_unlisted_otherl2___Beclometasone (Qvar, Beconase AQ)",presentation,binary,"Beclometasone (Qvar, Beconase AQ)",drug14_unlisted_otherl2,[drug14_unlisted_type]='88'
628,drug14_unlisted_otherl2___Chloroquine (Aralen),presentation,binary,Chloroquine (Aralen),drug14_unlisted_otherl2,[drug14_unlisted_type]='88'
629,drug14_unlisted_otherl2___Fluconazole (Diflucan),presentation,binary,Fluconazole (Diflucan),drug14_unlisted_otherl2,[drug14_unlisted_type]='88'
630,"drug14_unlisted_otherl2___Fluticasone (Flovent, Flonase)",presentation,binary,"Fluticasone (Flovent, Flonase)",drug14_unlisted_otherl2,[drug14_unlisted_type]='88'
631,drug14_unlisted_otherl2___Formoterol and Beclometasone (Fostair),presentation,binary,Formoterol and Beclometasone (Fostair),drug14_unlisted_otherl2,[drug14_unlisted_type]='88'
632,drug14_unlisted_otherl2___Formoterol and Budesonide (Symbicort),presentation,binary,Formoterol and Budesonide (Symbicort),drug14_unlisted_otherl2,[drug14_unlisted_type]='88'
633,drug14_unlisted_otherl2___Hydroxychloroquine (Plaquenil),presentation,binary,Hydroxychloroquine (Plaquenil),drug14_unlisted_otherl2,[drug14_unlisted_type]='88'
634,"drug14_unlisted_otherl2___Imiquimod (Aldara, Zyclara)",presentation,binary,"Imiquimod (Aldara, Zyclara)",drug14_unlisted_otherl2,[drug14_unlisted_type]='88'
635,drug14_unlisted_otherl2___Indacaterol and Glycopyrronium Bromide (Ultibro Breezhaler),presentation,binary,Indacaterol and Glycopyrronium Bromide (Ultibro Breezhaler),drug14_unlisted_otherl2,[drug14_unlisted_type]='88'
636,drug14_unlisted_otherl2___Interferon Alpha,presentation,binary,Interferon Alpha,drug14_unlisted_otherl2,[drug14_unlisted_type]='88'
637,drug14_unlisted_otherl2___Interferon Beta,presentation,binary,Interferon Beta,drug14_unlisted_otherl2,[drug14_unlisted_type]='88'
638,drug14_unlisted_otherl2___Ivermectin (Stromectol),presentation,binary,Ivermectin (Stromectol),drug14_unlisted_otherl2,[drug14_unlisted_type]='88'
639,drug14_unlisted_otherl2___Mafenide (Sulfamylon),presentation,binary,Mafenide (Sulfamylon),drug14_unlisted_otherl2,[drug14_unlisted_type]='88'
640,"drug14_unlisted_otherl2___Mometasone (Asmanex, Nasonex)",presentation,binary,"Mometasone (Asmanex, Nasonex)",drug14_unlisted_otherl2,[drug14_unlisted_type]='88'
641,drug14_unlisted_otherl2___Mupirocin (Bactroban),presentation,binary,Mupirocin (Bactroban),drug14_unlisted_otherl2,[drug14_unlisted_type]='88'
642,"drug14_unlisted_otherl2___Nystatin (Bio-statin, Nyamyc)",presentation,binary,"Nystatin (Bio-statin, Nyamyc)",drug14_unlisted_otherl2,[drug14_unlisted_type]='88'
643,"drug14_unlisted_otherl2___Salbutamol (Ventolin, Proventil)",presentation,binary,"Salbutamol (Ventolin, Proventil)",drug14_unlisted_otherl2,[drug14_unlisted_type]='88'
644,"drug14_unlisted_otherl2___Sulphur, precipitated in petrolatum",presentation,binary,"Sulphur, precipitated in petrolatum",drug14_unlisted_otherl2,[drug14_unlisted_type]='88'
645,"drug14_unlisted_otherl2___Theophylline (Theo-24, Elixophyllin)",presentation,binary,"Theophylline (Theo-24, Elixophyllin)",drug14_unlisted_otherl2,[drug14_unlisted_type]='88'
646,drug14_unlisted_otherl2___Tiotropium Bromide (Spiriva),presentation,binary,Tiotropium Bromide (Spiriva),drug14_unlisted_otherl2,[drug14_unlisted_type]='88'
647,drug14_unlisted_otherl2___Trichloroacetic acid,presentation,binary,Trichloroacetic acid,drug14_unlisted_otherl2,[drug14_unlisted_type]='88'
648,drug14_unlisted_otherl2___Vilanterol and Fluticasone Furoate (Breo Ellipta),presentation,binary,Vilanterol and Fluticasone Furoate (Breo Ellipta),drug14_unlisted_otherl2,[drug14_unlisted_type]='88'
649,drug14_unlisted_otherl2___Other,presentation,binary,Other,drug14_unlisted_otherl2,[drug14_unlisted_type]='88'
650,drug14_unlisted_otherl3,presentation,freetext,Specify other Specify other pathogen-targeted medications,drug14,[drug14_unlisted_otherl2]='88'
651,vacci,presentation,section,VACCINATION,,
652,vacci_spox80,presentation,binary,Received smallpox vaccine prior to 1980?,vacci,
653,vacci_spox80_year,presentation,numeric,Year vaccinated (estimate if uncertain),vacci,[vacci_spox80]='1'
654,vacci_spox80_scar,presentation,binary,Is a smallpox vaccination scar visible (usually on the upper arm if present)?,vacci,[vacci_spox80]='1'
655,vacci_mpox,presentation,binary,Received smallpox or mpox vaccination after 1980?,vacci,
656,vacci_mpox_number,presentation,numeric,Number of mpox or smallpox vaccines received,vacci,[vacci_mpox]='1'
657,vacci_mpox_type,presentation,checkbox,Mpox or smallpox vaccine type,vacci,[vacci_mpox]='1'
658,vacci_mpox_type___Imvanex/Imvamune/Jyneos (MVA-BN),presentation,binary,Imvanex/Imvamune/Jyneos (MVA-BN),vacci_mpox_type,[vacci_mpox]='1'
659,vacci_mpox_type___ACAM2000,presentation,binary,ACAM2000,vacci_mpox_type,[vacci_mpox]='1'
660,vacci_mpox_type___LC16m8,presentation,binary,LC16m8,vacci_mpox_type,[vacci_mpox]='1'
661,vacci_mpox_type___Unknown,presentation,binary,Unknown,vacci_mpox_type,[vacci_mpox]='1'
662,vacci_mpox_type___Other,presentation,binary,Other,vacci_mpox_type,[vacci_mpox]='1'
663,vacci_mpox_type_oth,presentation,freetext,Name of other mpox or smallpox vaccine,vacci,[vacci_mpox_type(88)]='1'
664,vacci_mpox_route,presentation,categorical,Route of adminstration for mpox or smallpox vaccine,vacci,[vacci_mpox]='1'
665,vacci_mpox_route___Intramuscular,presentation,binary,Intramuscular,vacci_mpox_route,[vacci_mpox]='1'
666,vacci_mpox_route___Subcutaneous,presentation,binary,Subcutaneous,vacci_mpox_route,[vacci_mpox]='1'
667,vacci_mpox_route___Intradermal,presentation,binary,Intradermal,vacci_mpox_route,[vacci_mpox]='1'
668,vacci_mpox_route___Other,presentation,binary,Other,vacci_mpox_route,[vacci_mpox]='1'
669,adsym,presentation,section,SYMPTOMS ON ADMISSION,,
670,adsym_sys,presentation,freetext,Systemic / general symptoms,adsym,
671,adsym_fever,presentation,binary,Fever,adsym,
672,adsym_rigchill,presentation,binary,Chills or rigors,adsym,
673,adsym_fatigue,presentation,binary,Fatigue / malaise / lethargy,adsym,
674,adsym_weight,presentation,binary,Weight loss,adsym,
675,adsym_myalgia,presentation,binary,Muscle aches / myalgia,adsym,
676,adsym_arthralgia,presentation,binary,Joint pain / arthralgia,adsym,
677,adsym_skinrash,presentation,binary,Skin rash,adsym,
678,adsym_skinrash_site,presentation,checkbox,Site where rash first occurred,adsym,[adsym_skinrash]='1'
679,"adsym_skinrash_site___Skin, genital",presentation,binary,"Skin, genital",adsym_skinrash_site,[adsym_skinrash]='1'
680,"adsym_skinrash_site___Skin, non-genital",presentation,binary,"Skin, non-genital",adsym_skinrash_site,[adsym_skinrash]='1'
681,"adsym_skinrash_site___Mucosa, genital",presentation,binary,"Mucosa, genital",adsym_skinrash_site,[adsym_skinrash]='1'
682,"adsym_skinrash_site___Mucosa, non-genital",presentation,binary,"Mucosa, non-genital",adsym_skinrash_site,[adsym_skinrash]='1'
683,adsym_skinrash_site___Mouth,presentation,binary,Mouth,adsym_skinrash_site,[adsym_skinrash]='1'
684,adsym_skinrash_site___Perianal skin,presentation,binary,Perianal skin,adsym_skinrash_site,[adsym_skinrash]='1'
685,adsym_skinrash_site___Rectum,presentation,binary,Rectum,adsym_skinrash_site,[adsym_skinrash]='1'
686,adsym_skinrash_site___Unknown,presentation,binary,Unknown,adsym_skinrash_site,[adsym_skinrash]='1'
687,adsym_skinrash_site___Other,presentation,binary,Other,adsym_skinrash_site,[adsym_skinrash]='1'
688,adsym_skinrash_site_oth,presentation,freetext,Specify other first rash location,adsym,[adsym_skinrash_site(88)]='1'
689,adsym_skinrash_date,presentation,date,Date first rash was observed by patient,adsym,[adsym_skinrash]='1'
690,adsym_pruritus,presentation,binary,Itch / pruritus,adsym,
691,adsym_mobilchg,presentation,binary,Change in mobility from baseline,adsym,
692,adsym_mobile,presentation,categorical,Mobility status,adsym,
693,adsym_mobile___Fully ambulant,presentation,binary,Fully ambulant,adsym_mobile,
694,"adsym_mobile___Ambulant, but with some assistance",presentation,binary,"Ambulant, but with some assistance",adsym_mobile,
695,adsym_mobile___Bedridden,presentation,binary,Bedridden,adsym_mobile,
696,adsym_resp,presentation,freetext,Respiratory symptoms,adsym,
697,adsym_cough,presentation,binary,Cough,adsym,
698,adsym_cough_type,presentation,categorical,Cough type,adsym,[adsym_cough] = '1'
699,adsym_cough_type___Non Productive,presentation,binary,Non Productive,adsym_cough_type,[adsym_cough] = '1'
700,adsym_cough_type___Productive,presentation,binary,Productive,adsym_cough_type,[adsym_cough] = '1'
701,adsym_cough_type___Haemoptysis,presentation,binary,Haemoptysis,adsym_cough_type,[adsym_cough] = '1'
702,adsym_sorethroat,presentation,binary,Sore throat,adsym,
703,adsym_shortbreat,presentation,binary,Shortness of breath ,adsym,
704,adsym_chestpain,presentation,binary,Chest pain,adsym,
705,adsym_git,presentation,freetext,Gastrointestinal symptoms,adsym,
706,adsym_abdpain,presentation,binary,Abdominal pain,adsym,
707,adsym_diarrhoea,presentation,binary,Diarrhoea,adsym,
708,adsym_consti,presentation,binary,Constipation,adsym,
709,adsym_vomit,presentation,binary,Vomiting,adsym,
710,adsym_vomit2d,presentation,binary,Persistent vomiting? (>=2/day),adsym,[adsym_vomit]='1'
711,adsym_nausea,presentation,binary,Nausea,adsym,
712,adsym_exsal,presentation,binary,Excessive salivation,adsym,
713,adsym_diffswallow,presentation,binary,Difficulty swallowing (dysphagia),adsym,
714,adsym_renalgut,presentation,freetext,Renal / Genitourinary symptoms,adsym,
715,adsym_urine,presentation,binary,Urinary retention,adsym,
716,adsym_dyspareunia,presentation,binary,Painful intercourse (dyspareunia),adsym,
717,adsym_heme,presentation,freetext,Haematological symptoms,adsym,
718,adsym_haemorrhag,presentation,binary,Bleeding / haemorrhage,adsym,
719,adsym_haemorrhag_sev,presentation,binary,Severe bleeding / haemorrhage (requires intervention),adsym,[adsym_haemorrhag] = '1'
720,adsym_haemorrhag_site,presentation,checkbox,Specify bleeding / haemorrhage site(s),adsym,[adsym_haemorrhag] = '1'
721,adsym_haemorrhag_site___Skin,presentation,binary,Skin,adsym_haemorrhag_site,[adsym_haemorrhag] = '1'
722,adsym_haemorrhag_site___Petechiae,presentation,binary,Petechiae,adsym_haemorrhag_site,[adsym_haemorrhag] = '1'
723,adsym_haemorrhag_site___Nose,presentation,binary,Nose,adsym_haemorrhag_site,[adsym_haemorrhag] = '1'
724,adsym_haemorrhag_site___Gums,presentation,binary,Gums,adsym_haemorrhag_site,[adsym_haemorrhag] = '1'
725,adsym_haemorrhag_site___GI tract,presentation,binary,GI tract,adsym_haemorrhag_site,[adsym_haemorrhag] = '1'
726,adsym_haemorrhag_site___Urinary tract,presentation,binary,Urinary tract,adsym_haemorrhag_site,[adsym_haemorrhag] = '1'
727,adsym_haemorrhag_site___Vagina,presentation,binary,Vagina,adsym_haemorrhag_site,[adsym_haemorrhag] = '1'
728,adsym_haemorrhag_site___Unknown,presentation,binary,Unknown,adsym_haemorrhag_site,[adsym_haemorrhag] = '1'
729,adsym_haemorrhag_site___Other(s),presentation,binary,Other(s),adsym_haemorrhag_site,[adsym_haemorrhag] = '1'
730,adsym_haemorrhag_site_oth,presentation,freetext,Specify other bleeding / haemorrhage site(s),adsym,[adsym_haemorrhag_site(88)]='1'
731,adsym_cns,presentation,freetext,Neurological symptoms,adsym,
732,adsym_headache,presentation,binary,Headache,adsym,
733,adsym_seizconv,presentation,binary,Seizures / convulsions,adsym,
734,adsym_confusion,presentation,binary,Altered consciousness / confusion,adsym,
735,adsym_eye,presentation,freetext,Ophthalmological symptoms,adsym,
736,adsym_itchyeye,presentation,binary,Itching of eye(s),adsym,
737,adsym_redeye,presentation,binary,Red / Pink eye(s),adsym,
738,adsym_paineyes,presentation,binary,Pain in eye(s),adsym,
739,adsym_visdist,presentation,binary,Visual disturbance,adsym,
740,adsym_ocularoth,presentation,binary,Other opthalmological symptoms,adsym,
741,adsym_ocularoth_spec,presentation,freetext,Specify other opthalmological symptoms,adsym,
742,adsym_otherdesc,presentation,freetext,Other  symptoms,adsym,
743,adsym_unlisted,presentation,binary,Other  symptom(s),adsym,
744,adsym_unlisted_item___Conjunctivitis,presentation,binary,Conjunctivitis,adsym_unlisted,
745,adsym_unlisted_item___Abdominal pain,presentation,binary,Abdominal pain,adsym_unlisted,
746,adsym_unlisted_item___Skin rash,presentation,binary,Skin rash,adsym_unlisted,
747,adsym_unlisted_item___Visual disturbances,presentation,binary,Visual disturbances,adsym_unlisted,
748,adsym_unlisted_item___Sneezing,presentation,binary,Sneezing,adsym_unlisted,
749,adsym_unlisted_item___Lymphadenitis,presentation,binary,Lymphadenitis,adsym_unlisted,
750,adsym_unlisted_item___Mucosal lesion,presentation,binary,Mucosal lesion,adsym_unlisted,
751,adsym_unlisted_item___Keratitis,presentation,binary,Keratitis,adsym_unlisted,
752,adsym_unlisted_item___Swollen lymph nodes (Enlarged lymph nodes),presentation,binary,Swollen lymph nodes (Enlarged lymph nodes),adsym_unlisted,
753,adsym_unlisted_item___Spontaneous bruising (Spontaneous ecchymoses),presentation,binary,Spontaneous bruising (Spontaneous ecchymoses),adsym_unlisted,
754,adsym_unlisted_item___Cognitive impairment (Unspecified intellectual disabilities),presentation,binary,Cognitive impairment (Unspecified intellectual disabilities),adsym_unlisted,
755,adsym_unlisted_item___Rapid heart beat/Pulse (Tachycardia),presentation,binary,Rapid heart beat/Pulse (Tachycardia),adsym_unlisted,
756,adsym_unlisted_item___Limb weakness / paralysis (Monoplegia),presentation,binary,Limb weakness / paralysis (Monoplegia),adsym_unlisted,
757,adsym_unlisted_item___Can't fully move or control movement (Paralytic syndrome),presentation,binary,Can't fully move or control movement (Paralytic syndrome),adsym_unlisted,
758,adsym_unlisted_item___Disorders of nose and nasal sinuses,presentation,binary,Disorders of nose and nasal sinuses,adsym_unlisted,
759,adsym_unlisted_item___Loss of smell (Anosmia),presentation,binary,Loss of smell (Anosmia),adsym_unlisted,
760,adsym_unlisted_item___Difficulty eating or drinking (Dysphagia),presentation,binary,Difficulty eating or drinking (Dysphagia),adsym_unlisted,
761,adsym_unlisted_item___Jaundice,presentation,binary,Jaundice,adsym_unlisted,
762,adsym_unlisted_item___Wheezing,presentation,binary,Wheezing,adsym_unlisted,
763,adsym_unlisted_item___Bleeding (Haemorrhage),presentation,binary,Bleeding (Haemorrhage),adsym_unlisted,
764,adsym_unlisted_item___Increased thirst (Polydipsia),presentation,binary,Increased thirst (Polydipsia),adsym_unlisted,
765,adsym_unlisted_item___Fever,presentation,binary,Fever,adsym_unlisted,
766,adsym_unlisted_item___Altered consciousness / Confusion (Disorientation),presentation,binary,Altered consciousness / Confusion (Disorientation),adsym_unlisted,
767,adsym_unlisted_item___Pallor,presentation,binary,Pallor,adsym_unlisted,
768,adsym_unlisted_item___Constipation,presentation,binary,Constipation,adsym_unlisted,
769,adsym_unlisted_item___Can't feel one side of the body or face (Hemiplegia),presentation,binary,Can't feel one side of the body or face (Hemiplegia),adsym_unlisted,
770,adsym_unlisted_item___Pain during urination (Dysuria),presentation,binary,Pain during urination (Dysuria),adsym_unlisted,
771,adsym_unlisted_item___Fainting / blackouts (Syncope and collapse),presentation,binary,Fainting / blackouts (Syncope and collapse),adsym_unlisted,
772,adsym_unlisted_item___Localized edema,presentation,binary,Localized edema,adsym_unlisted,
773,adsym_unlisted_item___Difficulty in walking,presentation,binary,Difficulty in walking,adsym_unlisted,
774,adsym_unlisted_item___Chest pain on breathing,presentation,binary,Chest pain on breathing,adsym_unlisted,
775,adsym_unlisted_item___Itchy eye,presentation,binary,Itchy eye,adsym_unlisted,
776,adsym_unlisted_item___Abnormal weight loss,presentation,binary,Abnormal weight loss,adsym_unlisted,
777,adsym_unlisted_item___Chills (without fever),presentation,binary,Chills (without fever),adsym_unlisted,
778,adsym_unlisted_item___Joint pain (Arthralgia),presentation,binary,Joint pain (Arthralgia),adsym_unlisted,
779,adsym_unlisted_item___Loss of appetite (Anorexia),presentation,binary,Loss of appetite (Anorexia),adsym_unlisted,
780,adsym_unlisted_item___Paresthesia of skin,presentation,binary,Paresthesia of skin,adsym_unlisted,
781,adsym_unlisted_item___Nausea or vomiting,presentation,binary,Nausea or vomiting,adsym_unlisted,
782,adsym_unlisted_0item,presentation,categorical,Select other  symptom(s),adsym,[adsym_unlisted]='1'
783,adsym_unlisted_0item___Abdominal pain,presentation,binary,Abdominal pain,adsym_unlisted_0item,[adsym_unlisted]='1'
784,adsym_unlisted_0item___Abnormal weight loss,presentation,binary,Abnormal weight loss,adsym_unlisted_0item,[adsym_unlisted]='1'
785,adsym_unlisted_0item___Altered consciousness / Confusion (Disorientation),presentation,binary,Altered consciousness / Confusion (Disorientation),adsym_unlisted_0item,[adsym_unlisted]='1'
786,adsym_unlisted_0item___Bleeding (Haemorrhage),presentation,binary,Bleeding (Haemorrhage),adsym_unlisted_0item,[adsym_unlisted]='1'
787,adsym_unlisted_0item___Chest pain on breathing,presentation,binary,Chest pain on breathing,adsym_unlisted_0item,[adsym_unlisted]='1'
788,adsym_unlisted_0item___Cognitive impairment (Unspecified intellectual disabilities),presentation,binary,Cognitive impairment (Unspecified intellectual disabilities),adsym_unlisted_0item,[adsym_unlisted]='1'
789,adsym_unlisted_0item___Conjunctivitis,presentation,binary,Conjunctivitis,adsym_unlisted_0item,[adsym_unlisted]='1'
790,adsym_unlisted_0item___Constipation,presentation,binary,Constipation,adsym_unlisted_0item,[adsym_unlisted]='1'
791,adsym_unlisted_0item___Difficulty in walking,presentation,binary,Difficulty in walking,adsym_unlisted_0item,[adsym_unlisted]='1'
792,adsym_unlisted_0item___Disorders of nose and nasal sinuses,presentation,binary,Disorders of nose and nasal sinuses,adsym_unlisted_0item,[adsym_unlisted]='1'
793,adsym_unlisted_0item___Fainting / blackouts (Syncope and collapse),presentation,binary,Fainting / blackouts (Syncope and collapse),adsym_unlisted_0item,[adsym_unlisted]='1'
794,adsym_unlisted_0item___Fever,presentation,binary,Fever,adsym_unlisted_0item,[adsym_unlisted]='1'
795,adsym_unlisted_0item___Increased thirst (Polydipsia),presentation,binary,Increased thirst (Polydipsia),adsym_unlisted_0item,[adsym_unlisted]='1'
796,adsym_unlisted_0item___Itchy eye,presentation,binary,Itchy eye,adsym_unlisted_0item,[adsym_unlisted]='1'
797,adsym_unlisted_0item___Jaundice,presentation,binary,Jaundice,adsym_unlisted_0item,[adsym_unlisted]='1'
798,adsym_unlisted_0item___Keratitis,presentation,binary,Keratitis,adsym_unlisted_0item,[adsym_unlisted]='1'
799,adsym_unlisted_0item___Limb weakness / paralysis (Monoplegia),presentation,binary,Limb weakness / paralysis (Monoplegia),adsym_unlisted_0item,[adsym_unlisted]='1'
800,adsym_unlisted_0item___Localized edema,presentation,binary,Localized edema,adsym_unlisted_0item,[adsym_unlisted]='1'
801,adsym_unlisted_0item___Loss of appetite (Anorexia),presentation,binary,Loss of appetite (Anorexia),adsym_unlisted_0item,[adsym_unlisted]='1'
802,adsym_unlisted_0item___Loss of smell (Anosmia),presentation,binary,Loss of smell (Anosmia),adsym_unlisted_0item,[adsym_unlisted]='1'
803,adsym_unlisted_0item___Lymphadenitis,presentation,binary,Lymphadenitis,adsym_unlisted_0item,[adsym_unlisted]='1'
804,adsym_unlisted_0item___Mucosal lesion,presentation,binary,Mucosal lesion,adsym_unlisted_0item,[adsym_unlisted]='1'
805,adsym_unlisted_0item___Nausea or vomiting,presentation,binary,Nausea or vomiting,adsym_unlisted_0item,[adsym_unlisted]='1'
806,adsym_unlisted_0item___Pain during urination (Dysuria),presentation,binary,Pain during urination (Dysuria),adsym_unlisted_0item,[adsym_unlisted]='1'
807,adsym_unlisted_0item___Pallor,presentation,binary,Pallor,adsym_unlisted_0item,[adsym_unlisted]='1'
808,adsym_unlisted_0item___Rapid heart beat/Pulse (Tachycardia),presentation,binary,Rapid heart beat/Pulse (Tachycardia),adsym_unlisted_0item,[adsym_unlisted]='1'
809,adsym_unlisted_0item___Skin rash,presentation,binary,Skin rash,adsym_unlisted_0item,[adsym_unlisted]='1'
810,adsym_unlisted_0item___Sneezing,presentation,binary,Sneezing,adsym_unlisted_0item,[adsym_unlisted]='1'
811,adsym_unlisted_0item___Spontaneous bruising (Spontaneous ecchymoses),presentation,binary,Spontaneous bruising (Spontaneous ecchymoses),adsym_unlisted_0item,[adsym_unlisted]='1'
812,adsym_unlisted_0item___Swollen lymph nodes (Enlarged lymph nodes),presentation,binary,Swollen lymph nodes (Enlarged lymph nodes),adsym_unlisted_0item,[adsym_unlisted]='1'
813,adsym_unlisted_0item___Visual disturbances,presentation,binary,Visual disturbances,adsym_unlisted_0item,[adsym_unlisted]='1'
814,adsym_unlisted_0item___Wheezing,presentation,binary,Wheezing,adsym_unlisted_0item,[adsym_unlisted]='1'
815,adsym_unlisted_0item___Other,presentation,binary,Other,adsym_unlisted_0item,[adsym_unlisted]='1'
816,adsym_unlisted_0otherl2,presentation,freetext,Specify other  symptom(s),adsym,[adsym_unlisted_0item]='88'
817,adsym_unlisted_0addi,presentation,binary,Any additional other  symptom(s) ?,adsym,[adsym_unlisted]='1'
818,adsym_unlisted_1item,presentation,categorical,>Select additional other  symptom(s) 2,adsym,[adsym_unlisted_0addi]='1'
819,adsym_unlisted_1item___Can't feel one side of the body or face (Hemiplegia),presentation,binary,Can't feel one side of the body or face (Hemiplegia),adsym_unlisted_1item,[adsym_unlisted_0addi]='1'
820,adsym_unlisted_1item___Can't fully move or control movement (Paralytic syndrome),presentation,binary,Can't fully move or control movement (Paralytic syndrome),adsym_unlisted_1item,[adsym_unlisted_0addi]='1'
821,adsym_unlisted_1item___Chills (without fever),presentation,binary,Chills (without fever),adsym_unlisted_1item,[adsym_unlisted_0addi]='1'
822,adsym_unlisted_1item___Constipation,presentation,binary,Constipation,adsym_unlisted_1item,[adsym_unlisted_0addi]='1'
823,adsym_unlisted_1item___Difficulty eating or drinking (Dysphagia),presentation,binary,Difficulty eating or drinking (Dysphagia),adsym_unlisted_1item,[adsym_unlisted_0addi]='1'
824,adsym_unlisted_1item___Disorders of nose and nasal sinuses,presentation,binary,Disorders of nose and nasal sinuses,adsym_unlisted_1item,[adsym_unlisted_0addi]='1'
825,adsym_unlisted_1item___Paresthesia of skin,presentation,binary,Paresthesia of skin,adsym_unlisted_1item,[adsym_unlisted_0addi]='1'
826,adsym_unlisted_1addi,presentation,binary,>Any additional other  symptom(s) ?,adsym,[adsym_unlisted_0addi]='1'
827,adsym_unlisted_2item,presentation,categorical,->Select additional other  symptom(s) 3,adsym,[adsym_unlisted_1addi]='1'
828,adsym_unlisted_2item___Joint pain (Arthralgia),presentation,binary,Joint pain (Arthralgia),adsym_unlisted_2item,[adsym_unlisted_1addi]='1'
829,adsym_unlisted_2item___Skin rash,presentation,binary,Skin rash,adsym_unlisted_2item,[adsym_unlisted_1addi]='1'
830,adsym_unlisted_2addi,presentation,binary,->Any additional other  symptom(s) ?,adsym,[adsym_unlisted_1addi]='1'
831,adsym_unlisted_3item,presentation,categorical,>->Select additional other  symptom(s) 4,adsym,[adsym_unlisted_2addi]='1'
832,adsym_unlisted_3item___Difficulty in walking,presentation,binary,Difficulty in walking,adsym_unlisted_3item,[adsym_unlisted_2addi]='1'
833,preg,presentation,section,PREGNANCY DETAILS,,
834,preg_pregnant,presentation,binary,Pregnant,preg,[demog_sex]='2' 
835,preg_geswek,presentation,numeric,Gestational weeks at presentation,preg,[preg_pregnant] = '1'
836,preg_postpartum,presentation,binary,Post-partum (within 6 weeks of delivery),preg,[demog_sex]='2' and [preg_pregnant]<>'1' and [demog_age_units]='1'
837,preg_bboutc,presentation,categorical,Pregnancy outcome,preg,[preg_postpartum] = '1'
838,preg_bboutc___Live birth,presentation,binary,Live birth,preg_bboutc,[preg_postpartum] = '1'
839,preg_bboutc___Stillbirth,presentation,binary,Stillbirth,preg_bboutc,[preg_postpartum] = '1'
840,preg_bboutc___Miscarriage,presentation,binary,Miscarriage,preg_bboutc,[preg_postpartum] = '1'
841,preg_bboutc___Termination,presentation,binary,Termination,preg_bboutc,[preg_postpartum] = '1'
842,preg_bboutc___Neonatal death,presentation,binary,Neonatal death,preg_bboutc,[preg_postpartum] = '1'
843,preg_bboutc___Other,presentation,binary,Other,preg_bboutc,[preg_postpartum] = '1'
844,preg_delvdate,presentation,date,Delivery date,preg,[preg_postpartum] = '1'
845,preg_gesweekout,presentation,numeric,Gestational weeks at pregnancy outcome,preg,[preg_postpartum] = '1'
846,preg_bbtest,presentation,binary,Baby tested for mother's infection of interest?,preg,[preg_postpartum] = '1'
847,preg_bbresl,presentation,categorical,Specify test result from mother's infection of interest ,preg,[preg_bbtest] = '1'
848,preg_bbresl___Positive,presentation,binary,Positive,preg_bbresl,[preg_bbtest] = '1'
849,preg_bbresl___Negative,presentation,binary,Negative,preg_bbresl,[preg_bbtest] = '1'
850,daily_date,daily,section,DAILY ASSESSMENT,,
851,daily_date,daily,date,DATE OF ASSESSMENT,daily,
852,asses_lvlcare,daily,categorical,Current level of care,asses,
853,asses_lvlcare___Outpatient,daily,binary,Outpatient,asses_lvlcare,
854,asses_lvlcare___Admitted to normal ward for isolation only,daily,binary,Admitted to normal ward for isolation only,asses_lvlcare,
855,asses_lvlcare___Admitted to normal ward for clinical care,daily,binary,Admitted to normal ward for clinical care,asses_lvlcare,
856,asses_lvlcare___High dependency,daily,binary,High dependency,asses_lvlcare,
857,asses_lvlcare___Intensive care admission,daily,binary,Intensive care admission,asses_lvlcare,
858,vital,daily,section,VITAL SIGNS & ASSESSMENTS,,
859,vital_dailydata,daily,binary,Enter Vital Signs data for this date?,vital,
860,vital_highesttem,daily,numeric,Highest temperature ,vital,[vital_dailydata]='1'
861,vital_highesttem_units,daily,units,Select Highest temperature units,vital,[vital_dailydata]='1'
862,vital_highesttem_units___°C,daily,binary,°C,vital_highesttem_units,[vital_dailydata]='1'
863,vital_highesttem_units___°F,daily,binary,°F,vital_highesttem_units,[vital_dailydata]='1'
864,vital_hr,daily,numeric,HR (bpm),vital,[vital_dailydata]='1'
865,vital_rr,daily,numeric,RR (breaths/min),vital,[vital_dailydata]='1'
866,vital_systolicbp,daily,numeric,Systolic BP (mmHg),vital,[vital_dailydata]='1'
867,vital_diastolicbp,daily,numeric,Diastolic BP (mmHg),vital,[vital_dailydata]='1'
868,vital_spo2room,daily,numeric,Oxygen saturation at room air (no oxygen support) (%),vital,[vital_dailydata]='1'
869,vital_o2supp,daily,binary,Supplemental oxygen?,vital,[vital_dailydata]='1'
870,vital_o2supp_type,daily,categorical,Type of supplemental oxygen?,vital,[vital_o2supp]='1'
871,vital_o2supp_type___Nasal Prongs,daily,binary,Nasal Prongs,vital_o2supp_type,[vital_o2supp]='1'
872,vital_o2supp_type___Face mask,daily,binary,Face mask,vital_o2supp_type,[vital_o2supp]='1'
873,vital_o2supp_type___High flow nasal oxygen,daily,binary,High flow nasal oxygen,vital_o2supp_type,[vital_o2supp]='1'
874,vital_o2supp_type___Non-invasive ventilation,daily,binary,Non-invasive ventilation,vital_o2supp_type,[vital_o2supp]='1'
875,vital_o2supp_type___Invasive ventilation,daily,binary,Invasive ventilation,vital_o2supp_type,[vital_o2supp]='1'
876,vital_o2supp_type___ECMO / ECLS,daily,binary,ECMO / ECLS,vital_o2supp_type,[vital_o2supp]='1'
877,vital_o2supp_spo2,daily,numeric,Oxygen saturation with supplemental oxygen (%),vital,[vital_o2supp]='1'
878,vital_fio2spo2,daily,numeric,FiO2 at time of lowest SpO2 ,vital,[vital_o2supp]='1'
879,vital_fio2spo2_units,daily,units,Select FiO2 at time of lowest SpO2 units,vital,[vital_o2supp]='1'
880,"vital_fio2spo2_units___Fraction, 0.21-1.0",daily,binary,"Fraction, 0.21-1.0",vital_fio2spo2_units,[vital_o2supp]='1'
881,"vital_fio2spo2_units___%, 21-100",daily,binary,"%, 21-100",vital_fio2spo2_units,[vital_o2supp]='1'
882,vital_fio2spo2_units___Highest L/min,daily,binary,Highest L/min,vital_fio2spo2_units,[vital_o2supp]='1'
883,vital_capillaryr,daily,binary,Capillary refill time >2 seconds,vital,[vital_dailydata]='1'
884,vital_avpu,daily,categorical,ACVPU,vital,[vital_dailydata]='1'
885,vital_avpu___Alert,daily,binary,Alert,vital_avpu,[vital_dailydata]='1'
886,vital_avpu___Confusion,daily,binary,Confusion,vital_avpu,[vital_dailydata]='1'
887,vital_avpu___Verbal,daily,binary,Verbal,vital_avpu,[vital_dailydata]='1'
888,vital_avpu___Pain,daily,binary,Pain,vital_avpu,[vital_dailydata]='1'
889,vital_avpu___Unresponsive,daily,binary,Unresponsive,vital_avpu,[vital_dailydata]='1'
890,vital_gcs,daily,numeric,Glasgow Coma Score (GCS / 15) ,vital,[vital_dailydata]='1'
891,sympt,daily,section,SYMPTOMS,,
892,sympt_dailydata,daily,binary,Enter patient reported symptoms data for this date?,sympt,
893,sympt_sys,daily,freetext,Systemic / general symptoms,sympt,[sympt_dailydata]='1'
894,sympt_fever,daily,binary,Fever,sympt,[sympt_dailydata]='1'
895,sympt_rigchill,daily,binary,Chills or rigors,sympt,[sympt_dailydata]='1'
896,sympt_fatigue,daily,binary,Fatigue / malaise / lethargy,sympt,[sympt_dailydata]='1'
897,sympt_weight,daily,binary,Weight loss,sympt,[sympt_dailydata]='1'
898,sympt_myalgia,daily,binary,Muscle aches / myalgia,sympt,[sympt_dailydata]='1'
899,sympt_arthralgia,daily,binary,Joint pain / arthralgia,sympt,[sympt_dailydata]='1'
900,sympt_pruritus,daily,binary,Itch / pruritus,sympt,[sympt_dailydata]='1'
901,sympt_mobilchg,daily,binary,Change in mobility from baseline,sympt,[sympt_dailydata]='1'
902,sympt_mobile,daily,categorical,Mobility status,sympt,[sympt_mobilchg]='1'
903,sympt_mobile___Fully ambulant,daily,binary,Fully ambulant,sympt_mobile,[sympt_mobilchg]='1'
904,"sympt_mobile___Ambulant, but with some assistance",daily,binary,"Ambulant, but with some assistance",sympt_mobile,[sympt_mobilchg]='1'
905,sympt_mobile___Bedridden,daily,binary,Bedridden,sympt_mobile,[sympt_mobilchg]='1'
906,sympt_resp,daily,freetext,Respiratory symptoms,sympt,[sympt_dailydata]='1'
907,sympt_cough,daily,binary,Cough,sympt,[sympt_dailydata]='1'
908,sympt_cough_type,daily,categorical,Cough type,sympt,[sympt_cough] = '1'
909,sympt_cough_type___Non Productive,daily,binary,Non Productive,sympt_cough_type,[sympt_cough] = '1'
910,sympt_cough_type___Productive,daily,binary,Productive,sympt_cough_type,[sympt_cough] = '1'
911,sympt_cough_type___Haemoptysis,daily,binary,Haemoptysis,sympt_cough_type,[sympt_cough] = '1'
912,sympt_sorethroat,daily,binary,Sore throat,sympt,[sympt_dailydata]='1'
913,sympt_shortbreat,daily,binary,Shortness of breath ,sympt,[sympt_dailydata]='1'
914,sympt_chestpain,daily,binary,Chest pain,sympt,[sympt_dailydata]='1'
915,sympt_git,daily,freetext,Gastrointestinal symptoms,sympt,[sympt_dailydata]='1'
916,sympt_abdpain,daily,binary,Abdominal pain,sympt,[sympt_dailydata]='1'
917,sympt_diarrhoea,daily,binary,Diarrhoea,sympt,[sympt_dailydata]='1'
918,sympt_consti,daily,binary,Constipation,sympt,[sympt_dailydata]='1'
919,sympt_vomit,daily,binary,Vomiting,sympt,[sympt_dailydata]='1'
920,sympt_vomit2d,daily,binary,Persistent vomiting? (>=2/day),sympt,[sympt_vomit]='1'
921,sympt_nausea,daily,binary,Nausea,sympt,[sympt_dailydata]='1'
922,sympt_exsal,daily,binary,Excessive salivation,sympt,[sympt_dailydata]='1'
923,sympt_diffswallow,daily,binary,Difficulty swallowing (dysphagia),sympt,[sympt_dailydata]='1'
924,sympt_renalgut,daily,freetext,Renal / Genitourinary symptoms,sympt,[sympt_dailydata]='1'
925,sympt_urine,daily,binary,Urinary retention,sympt,[sympt_dailydata]='1'
926,sympt_dyspareunia,daily,binary,Painful intercourse (dyspareunia),sympt,[sympt_dailydata]='1'
927,sympt_heme,daily,freetext,Haematological symptoms,sympt,[sympt_dailydata]='1'
928,sympt_haemorrhag,daily,binary,Bleeding / haemorrhage,sympt,[sympt_dailydata]='1'
929,sympt_haemorrhag_sev,daily,binary,Severe bleeding / haemorrhage (requires intervention),sympt,[sympt_haemorrhag]='1'
930,sympt_haemorrhag_site,daily,checkbox,Specify bleeding / haemorrhage site(s),sympt,[sympt_haemorrhag] = '1'
931,sympt_haemorrhag_site___Skin,daily,binary,Skin,sympt_haemorrhag_site,[sympt_haemorrhag] = '1'
932,sympt_haemorrhag_site___Petechiae,daily,binary,Petechiae,sympt_haemorrhag_site,[sympt_haemorrhag] = '1'
933,sympt_haemorrhag_site___Nose,daily,binary,Nose,sympt_haemorrhag_site,[sympt_haemorrhag] = '1'
934,sympt_haemorrhag_site___Gums,daily,binary,Gums,sympt_haemorrhag_site,[sympt_haemorrhag] = '1'
935,sympt_haemorrhag_site___GI tract,daily,binary,GI tract,sympt_haemorrhag_site,[sympt_haemorrhag] = '1'
936,sympt_haemorrhag_site___Urinary tract,daily,binary,Urinary tract,sympt_haemorrhag_site,[sympt_haemorrhag] = '1'
937,sympt_haemorrhag_site___Vagina,daily,binary,Vagina,sympt_haemorrhag_site,[sympt_haemorrhag] = '1'
938,sympt_haemorrhag_site___Unknown,daily,binary,Unknown,sympt_haemorrhag_site,[sympt_haemorrhag] = '1'
939,sympt_haemorrhag_site___Other(s),daily,binary,Other(s),sympt_haemorrhag_site,[sympt_haemorrhag] = '1'
940,sympt_haemorrhag_site_oth,daily,freetext,Specify other bleeding / haemorrhage site(s),sympt,[sympt_haemorrhag_site(88)]='1'
941,sympt_cns,daily,freetext,Neurological symptoms,sympt,[sympt_dailydata]='1'
942,sympt_headache,daily,binary,Headache,sympt,[sympt_dailydata]='1'
943,sympt_seizconv,daily,binary,Seizures / convulsions,sympt,[sympt_dailydata]='1'
944,sympt_confusion,daily,binary,Altered consciousness / confusion,sympt,[sympt_dailydata]='1'
945,sympt_eye,daily,freetext,Opthalmological symptoms,sympt,[sympt_dailydata]='1'
946,sympt_itchyeye,daily,binary,Itching of eye(s),sympt,[sympt_dailydata]='1'
947,sympt_redeye,daily,binary,Red / Pink eye(s),sympt,[sympt_dailydata]='1'
948,sympt_paineyes,daily,binary,Pain in eye(s),sympt,[sympt_dailydata]='1'
949,sympt_visdist,daily,binary,Visual disturbance,sympt,[sympt_dailydata]='1'
950,sympt_ocularoth,daily,binary,Other opthalmological symptoms,sympt,[sympt_dailydata]='1'
951,sympt_ocularoth_spec,daily,freetext,Specify other opthalmological symptoms,sympt,[sympt_dailydata]='1'
952,sympt_otherdesc,daily,freetext,Other  symptoms,sympt,[sympt_dailydata]='1'
953,sympt_unlisted,daily,binary,Other symptom(s),sympt,[sympt_dailydata]='1'
954,sympt_unlisted_item___Sneezing,daily,binary,Sneezing,sympt_unlisted,[sympt_dailydata]='1'
955,sympt_unlisted_item___Can't fully move or control movement (Paralytic syndrome),daily,binary,Can't fully move or control movement (Paralytic syndrome),sympt_unlisted,[sympt_dailydata]='1'
956,sympt_unlisted_item___Loss of appetite (Anorexia),daily,binary,Loss of appetite (Anorexia),sympt_unlisted,[sympt_dailydata]='1'
957,sympt_unlisted_item___Disorders of nose and nasal sinuses,daily,binary,Disorders of nose and nasal sinuses,sympt_unlisted,[sympt_dailydata]='1'
958,sympt_unlisted_item___Retention of urine,daily,binary,Retention of urine,sympt_unlisted,[sympt_dailydata]='1'
959,sympt_unlisted_item___Speech disturbances,daily,binary,Speech disturbances,sympt_unlisted,[sympt_dailydata]='1'
960,sympt_unlisted_item___Cardiac arrhythmia,daily,binary,Cardiac arrhythmia,sympt_unlisted,[sympt_dailydata]='1'
961,sympt_unlisted_item___Abdominal pain,daily,binary,Abdominal pain,sympt_unlisted,[sympt_dailydata]='1'
962,sympt_unlisted_item___Bruising (Spontaneous ecchymoses),daily,binary,Bruising (Spontaneous ecchymoses),sympt_unlisted,[sympt_dailydata]='1'
963,sympt_unlisted_item___Sleep disorder,daily,binary,Sleep disorder,sympt_unlisted,[sympt_dailydata]='1'
964,sympt_unlisted_item___Muscle aches (Myalgia),daily,binary,Muscle aches (Myalgia),sympt_unlisted,[sympt_dailydata]='1'
965,sympt_unlisted_item___Conjunctivitis,daily,binary,Conjunctivitis,sympt_unlisted,[sympt_dailydata]='1'
966,sympt_unlisted_item___Constipation,daily,binary,Constipation,sympt_unlisted,[sympt_dailydata]='1'
967,sympt_unlisted_item___Gastrointestinal bleeding (Gastrointestinal hemorrhage),daily,binary,Gastrointestinal bleeding (Gastrointestinal hemorrhage),sympt_unlisted,[sympt_dailydata]='1'
968,sympt_unlisted_item___Keratitis,daily,binary,Keratitis,sympt_unlisted,[sympt_dailydata]='1'
969,sympt_unlisted_item___Difficulty in walking,daily,binary,Difficulty in walking,sympt_unlisted,[sympt_dailydata]='1'
970,sympt_unlisted_item___Nasal congestion,daily,binary,Nasal congestion,sympt_unlisted,[sympt_dailydata]='1'
971,sympt_unlisted_item___Problems swallowing or chewing (Dysphagia),daily,binary,Problems swallowing or chewing (Dysphagia),sympt_unlisted,[sympt_dailydata]='1'
972,sympt_unlisted_item___Dry skin (Xerosis cutis),daily,binary,Dry skin (Xerosis cutis),sympt_unlisted,[sympt_dailydata]='1'
973,sympt_unlisted_item___Visual disturbances,daily,binary,Visual disturbances,sympt_unlisted,[sympt_dailydata]='1'
974,sympt_unlisted_item___Headache,daily,binary,Headache,sympt_unlisted,[sympt_dailydata]='1'
975,sympt_unlisted_item___Urinary incontinence,daily,binary,Urinary incontinence,sympt_unlisted,[sympt_dailydata]='1'
976,sympt_unlisted_item___Convulsions,daily,binary,Convulsions,sympt_unlisted,[sympt_dailydata]='1'
977,sympt_unlisted_item___Tremor,daily,binary,Tremor,sympt_unlisted,[sympt_dailydata]='1'
978,sympt_unlisted_item___Changes in skin texture,daily,binary,Changes in skin texture,sympt_unlisted,[sympt_dailydata]='1'
979,sympt_unlisted_item___Cognitive impairment (Unspecified intellectual disabilities),daily,binary,Cognitive impairment (Unspecified intellectual disabilities),sympt_unlisted,[sympt_dailydata]='1'
980,sympt_unlisted_item___Rapid heart beat/Pulse (Tachycardia),daily,binary,Rapid heart beat/Pulse (Tachycardia),sympt_unlisted,[sympt_dailydata]='1'
981,sympt_unlisted_item___Alopecia (Nonscarring hair loss),daily,binary,Alopecia (Nonscarring hair loss),sympt_unlisted,[sympt_dailydata]='1'
982,sympt_unlisted_item___Altered consciousness / Confusion (Disorientation),daily,binary,Altered consciousness / Confusion (Disorientation),sympt_unlisted,[sympt_dailydata]='1'
983,sympt_unlisted_item___Joint pain (Arthralgia),daily,binary,Joint pain (Arthralgia),sympt_unlisted,[sympt_dailydata]='1'
984,sympt_unlisted_item___Mucosal lesion,daily,binary,Mucosal lesion,sympt_unlisted,[sympt_dailydata]='1'
985,sympt_unlisted_item___Pain during urination (Dysuria),daily,binary,Pain during urination (Dysuria),sympt_unlisted,[sympt_dailydata]='1'
986,sympt_unlisted_item___Irritability,daily,binary,Irritability,sympt_unlisted,[sympt_dailydata]='1'
987,sympt_unlisted_item___Fever,daily,binary,Fever,sympt_unlisted,[sympt_dailydata]='1'
988,sympt_unlisted_item___Anorexia,daily,binary,Anorexia,sympt_unlisted,[sympt_dailydata]='1'
989,sympt_unlisted_item___Skin rash,daily,binary,Skin rash,sympt_unlisted,[sympt_dailydata]='1'
990,sympt_unlisted_item___Difficulty eating or drinking (Dysphagia),daily,binary,Difficulty eating or drinking (Dysphagia),sympt_unlisted,[sympt_dailydata]='1'
991,sympt_unlisted_item___Apnoea,daily,binary,Apnoea,sympt_unlisted,[sympt_dailydata]='1'
992,sympt_unlisted_item___Fainting / blackouts (Syncope and collapse),daily,binary,Fainting / blackouts (Syncope and collapse),sympt_unlisted,[sympt_dailydata]='1'
993,sympt_unlisted_item___Skin lesion,daily,binary,Skin lesion,sympt_unlisted,[sympt_dailydata]='1'
994,sympt_unlisted_item___Spontaneous bruising (Spontaneous ecchymoses),daily,binary,Spontaneous bruising (Spontaneous ecchymoses),sympt_unlisted,[sympt_dailydata]='1'
995,sympt_unlisted_item___Pallor,daily,binary,Pallor,sympt_unlisted,[sympt_dailydata]='1'
996,sympt_unlisted_item___Changes in menstruation (Irregular menstruation),daily,binary,Changes in menstruation (Irregular menstruation),sympt_unlisted,[sympt_dailydata]='1'
997,sympt_unlisted_item___Loss of taste (Parageusia),daily,binary,Loss of taste (Parageusia),sympt_unlisted,[sympt_dailydata]='1'
998,sympt_unlisted_item___Tinnitus,daily,binary,Tinnitus,sympt_unlisted,[sympt_dailydata]='1'
999,sympt_unlisted_item___Itchy eye,daily,binary,Itchy eye,sympt_unlisted,[sympt_dailydata]='1'
1000,sympt_unlisted_item___Abnormal weight loss,daily,binary,Abnormal weight loss,sympt_unlisted,[sympt_dailydata]='1'
1001,sympt_unlisted_item___Ear pain (Otalgia),daily,binary,Ear pain (Otalgia),sympt_unlisted,[sympt_dailydata]='1'
1002,sympt_unlisted_item___Lymphadenitis,daily,binary,Lymphadenitis,sympt_unlisted,[sympt_dailydata]='1'
1003,sympt_unlisted_item___Hepatomegaly,daily,binary,Hepatomegaly,sympt_unlisted,[sympt_dailydata]='1'
1004,sympt_unlisted_item___Disturbance in attention (Altered mental status),daily,binary,Disturbance in attention (Altered mental status),sympt_unlisted,[sympt_dailydata]='1'
1005,sympt_unlisted_item___Chills (without fever),daily,binary,Chills (without fever),sympt_unlisted,[sympt_dailydata]='1'
1006,sympt_unlisted_item___Localized edema,daily,binary,Localized edema,sympt_unlisted,[sympt_dailydata]='1'
1007,sympt_unlisted_item___Chest pain,daily,binary,Chest pain,sympt_unlisted,[sympt_dailydata]='1'
1008,sympt_unlisted_item___Sweating (hyperhidrosis),daily,binary,Sweating (hyperhidrosis),sympt_unlisted,[sympt_dailydata]='1'
1009,sympt_unlisted_item___Mouth ulcers (Recurrent oral aphthae),daily,binary,Mouth ulcers (Recurrent oral aphthae),sympt_unlisted,[sympt_dailydata]='1'
1010,sympt_unlisted_item___Dizziness/light headedness (Dizziness and giddiness),daily,binary,Dizziness/light headedness (Dizziness and giddiness),sympt_unlisted,[sympt_dailydata]='1'
1011,sympt_unlisted_item___Sore throat (Pain in throat),daily,binary,Sore throat (Pain in throat),sympt_unlisted,[sympt_dailydata]='1'
1012,sympt_unlisted_item___Wheezing,daily,binary,Wheezing,sympt_unlisted,[sympt_dailydata]='1'
1013,sympt_unlisted_item___Pruritus,daily,binary,Pruritus,sympt_unlisted,[sympt_dailydata]='1'
1014,sympt_unlisted_item___Feeding difficulty,daily,binary,Feeding difficulty,sympt_unlisted,[sympt_dailydata]='1'
1015,sympt_unlisted_item___Palpitations,daily,binary,Palpitations,sympt_unlisted,[sympt_dailydata]='1'
1016,sympt_unlisted_item___Increased thirst (Polydipsia),daily,binary,Increased thirst (Polydipsia),sympt_unlisted,[sympt_dailydata]='1'
1017,sympt_unlisted_item___Rashes or skin lesions,daily,binary,Rashes or skin lesions,sympt_unlisted,[sympt_dailydata]='1'
1018,sympt_unlisted_item___Malaise and fatigue,daily,binary,Malaise and fatigue,sympt_unlisted,[sympt_dailydata]='1'
1019,sympt_unlisted_item___Jaundice,daily,binary,Jaundice,sympt_unlisted,[sympt_dailydata]='1'
1020,sympt_unlisted_item___Paresthesia of skin,daily,binary,Paresthesia of skin,sympt_unlisted,[sympt_dailydata]='1'
1021,sympt_unlisted_item___Erectile dysfunction,daily,binary,Erectile dysfunction,sympt_unlisted,[sympt_dailydata]='1'
1022,sympt_unlisted_item___Shortness of breath (Dyspnea),daily,binary,Shortness of breath (Dyspnea),sympt_unlisted,[sympt_dailydata]='1'
1023,sympt_unlisted_item___Increased urination (polyuria),daily,binary,Increased urination (polyuria),sympt_unlisted,[sympt_dailydata]='1'
1024,sympt_unlisted_item___Loss of smell (Anosmia),daily,binary,Loss of smell (Anosmia),sympt_unlisted,[sympt_dailydata]='1'
1025,sympt_unlisted_item___Diarrhea,daily,binary,Diarrhea,sympt_unlisted,[sympt_dailydata]='1'
1026,sympt_unlisted_item___Chest pain on breathing,daily,binary,Chest pain on breathing,sympt_unlisted,[sympt_dailydata]='1'
1027,sympt_unlisted_item___Limb weakness / paralysis (Monoplegia),daily,binary,Limb weakness / paralysis (Monoplegia),sympt_unlisted,[sympt_dailydata]='1'
1028,sympt_unlisted_item___Nausea or vomiting,daily,binary,Nausea or vomiting,sympt_unlisted,[sympt_dailydata]='1'
1029,sympt_unlisted_item___Bleeding (Haemorrhage),daily,binary,Bleeding (Haemorrhage),sympt_unlisted,[sympt_dailydata]='1'
1030,sympt_unlisted_item___Muscle weakness,daily,binary,Muscle weakness,sympt_unlisted,[sympt_dailydata]='1'
1031,sympt_unlisted_item___Ascites,daily,binary,Ascites,sympt_unlisted,[sympt_dailydata]='1'
1032,sympt_unlisted_item___Swollen lymph nodes (Enlarged lymph nodes),daily,binary,Swollen lymph nodes (Enlarged lymph nodes),sympt_unlisted,[sympt_dailydata]='1'
1033,sympt_unlisted_item___Can't feel one side of the body or face (Hemiplegia),daily,binary,Can't feel one side of the body or face (Hemiplegia),sympt_unlisted,[sympt_dailydata]='1'
1034,sympt_unlisted_item___Fecal incontinence,daily,binary,Fecal incontinence,sympt_unlisted,[sympt_dailydata]='1'
1035,sympt_unlisted_0item,daily,categorical,Select other symptom(s),sympt,[sympt_unlisted]='1'
1036,sympt_unlisted_0item___Abdominal pain,daily,binary,Abdominal pain,sympt_unlisted_0item,[sympt_unlisted]='1'
1037,sympt_unlisted_0item___Abnormal weight loss,daily,binary,Abnormal weight loss,sympt_unlisted_0item,[sympt_unlisted]='1'
1038,sympt_unlisted_0item___Alopecia (Nonscarring hair loss),daily,binary,Alopecia (Nonscarring hair loss),sympt_unlisted_0item,[sympt_unlisted]='1'
1039,sympt_unlisted_0item___Altered consciousness / Confusion (Disorientation),daily,binary,Altered consciousness / Confusion (Disorientation),sympt_unlisted_0item,[sympt_unlisted]='1'
1040,sympt_unlisted_0item___Anorexia,daily,binary,Anorexia,sympt_unlisted_0item,[sympt_unlisted]='1'
1041,sympt_unlisted_0item___Apnoea,daily,binary,Apnoea,sympt_unlisted_0item,[sympt_unlisted]='1'
1042,sympt_unlisted_0item___Ascites,daily,binary,Ascites,sympt_unlisted_0item,[sympt_unlisted]='1'
1043,sympt_unlisted_0item___Bleeding (Haemorrhage),daily,binary,Bleeding (Haemorrhage),sympt_unlisted_0item,[sympt_unlisted]='1'
1044,sympt_unlisted_0item___Bruising (Spontaneous ecchymoses),daily,binary,Bruising (Spontaneous ecchymoses),sympt_unlisted_0item,[sympt_unlisted]='1'
1045,sympt_unlisted_0item___Can't feel one side of the body or face (Hemiplegia),daily,binary,Can't feel one side of the body or face (Hemiplegia),sympt_unlisted_0item,[sympt_unlisted]='1'
1046,sympt_unlisted_0item___Can't fully move or control movement (Paralytic syndrome),daily,binary,Can't fully move or control movement (Paralytic syndrome),sympt_unlisted_0item,[sympt_unlisted]='1'
1047,sympt_unlisted_0item___Cardiac arrhythmia,daily,binary,Cardiac arrhythmia,sympt_unlisted_0item,[sympt_unlisted]='1'
1048,sympt_unlisted_0item___Changes in menstruation (Irregular menstruation),daily,binary,Changes in menstruation (Irregular menstruation),sympt_unlisted_0item,[sympt_unlisted]='1'
1049,sympt_unlisted_0item___Changes in skin texture,daily,binary,Changes in skin texture,sympt_unlisted_0item,[sympt_unlisted]='1'
1050,sympt_unlisted_0item___Chills (without fever),daily,binary,Chills (without fever),sympt_unlisted_0item,[sympt_unlisted]='1'
1051,sympt_unlisted_0item___Cognitive impairment (Unspecified intellectual disabilities),daily,binary,Cognitive impairment (Unspecified intellectual disabilities),sympt_unlisted_0item,[sympt_unlisted]='1'
1052,sympt_unlisted_0item___Constipation,daily,binary,Constipation,sympt_unlisted_0item,[sympt_unlisted]='1'
1053,sympt_unlisted_0item___Convulsions,daily,binary,Convulsions,sympt_unlisted_0item,[sympt_unlisted]='1'
1054,sympt_unlisted_0item___Diarrhea,daily,binary,Diarrhea,sympt_unlisted_0item,[sympt_unlisted]='1'
1055,sympt_unlisted_0item___Disorders of nose and nasal sinuses,daily,binary,Disorders of nose and nasal sinuses,sympt_unlisted_0item,[sympt_unlisted]='1'
1056,sympt_unlisted_0item___Disturbance in attention (Altered mental status),daily,binary,Disturbance in attention (Altered mental status),sympt_unlisted_0item,[sympt_unlisted]='1'
1057,sympt_unlisted_0item___Dizziness/light headedness (Dizziness and giddiness),daily,binary,Dizziness/light headedness (Dizziness and giddiness),sympt_unlisted_0item,[sympt_unlisted]='1'
1058,sympt_unlisted_0item___Dry skin (Xerosis cutis),daily,binary,Dry skin (Xerosis cutis),sympt_unlisted_0item,[sympt_unlisted]='1'
1059,sympt_unlisted_0item___Ear pain (Otalgia),daily,binary,Ear pain (Otalgia),sympt_unlisted_0item,[sympt_unlisted]='1'
1060,sympt_unlisted_0item___Erectile dysfunction,daily,binary,Erectile dysfunction,sympt_unlisted_0item,[sympt_unlisted]='1'
1061,sympt_unlisted_0item___Fainting / blackouts (Syncope and collapse),daily,binary,Fainting / blackouts (Syncope and collapse),sympt_unlisted_0item,[sympt_unlisted]='1'
1062,sympt_unlisted_0item___Fecal incontinence,daily,binary,Fecal incontinence,sympt_unlisted_0item,[sympt_unlisted]='1'
1063,sympt_unlisted_0item___Feeding difficulty,daily,binary,Feeding difficulty,sympt_unlisted_0item,[sympt_unlisted]='1'
1064,sympt_unlisted_0item___Fever,daily,binary,Fever,sympt_unlisted_0item,[sympt_unlisted]='1'
1065,sympt_unlisted_0item___Gastrointestinal bleeding (Gastrointestinal hemorrhage),daily,binary,Gastrointestinal bleeding (Gastrointestinal hemorrhage),sympt_unlisted_0item,[sympt_unlisted]='1'
1066,sympt_unlisted_0item___Headache,daily,binary,Headache,sympt_unlisted_0item,[sympt_unlisted]='1'
1067,sympt_unlisted_0item___Hepatomegaly,daily,binary,Hepatomegaly,sympt_unlisted_0item,[sympt_unlisted]='1'
1068,sympt_unlisted_0item___Increased thirst (Polydipsia),daily,binary,Increased thirst (Polydipsia),sympt_unlisted_0item,[sympt_unlisted]='1'
1069,sympt_unlisted_0item___Increased urination (polyuria),daily,binary,Increased urination (polyuria),sympt_unlisted_0item,[sympt_unlisted]='1'
1070,sympt_unlisted_0item___Irritability,daily,binary,Irritability,sympt_unlisted_0item,[sympt_unlisted]='1'
1071,sympt_unlisted_0item___Itchy eye,daily,binary,Itchy eye,sympt_unlisted_0item,[sympt_unlisted]='1'
1072,sympt_unlisted_0item___Jaundice,daily,binary,Jaundice,sympt_unlisted_0item,[sympt_unlisted]='1'
1073,sympt_unlisted_0item___Joint pain (Arthralgia),daily,binary,Joint pain (Arthralgia),sympt_unlisted_0item,[sympt_unlisted]='1'
1074,sympt_unlisted_0item___Keratitis,daily,binary,Keratitis,sympt_unlisted_0item,[sympt_unlisted]='1'
1075,sympt_unlisted_0item___Limb weakness / paralysis (Monoplegia),daily,binary,Limb weakness / paralysis (Monoplegia),sympt_unlisted_0item,[sympt_unlisted]='1'
1076,sympt_unlisted_0item___Localized edema,daily,binary,Localized edema,sympt_unlisted_0item,[sympt_unlisted]='1'
1077,sympt_unlisted_0item___Loss of appetite (Anorexia),daily,binary,Loss of appetite (Anorexia),sympt_unlisted_0item,[sympt_unlisted]='1'
1078,sympt_unlisted_0item___Loss of smell (Anosmia),daily,binary,Loss of smell (Anosmia),sympt_unlisted_0item,[sympt_unlisted]='1'
1079,sympt_unlisted_0item___Loss of taste (Parageusia),daily,binary,Loss of taste (Parageusia),sympt_unlisted_0item,[sympt_unlisted]='1'
1080,sympt_unlisted_0item___Lymphadenitis,daily,binary,Lymphadenitis,sympt_unlisted_0item,[sympt_unlisted]='1'
1081,sympt_unlisted_0item___Malaise and fatigue,daily,binary,Malaise and fatigue,sympt_unlisted_0item,[sympt_unlisted]='1'
1082,sympt_unlisted_0item___Mouth ulcers (Recurrent oral aphthae),daily,binary,Mouth ulcers (Recurrent oral aphthae),sympt_unlisted_0item,[sympt_unlisted]='1'
1083,sympt_unlisted_0item___Mucosal lesion,daily,binary,Mucosal lesion,sympt_unlisted_0item,[sympt_unlisted]='1'
1084,sympt_unlisted_0item___Muscle aches (Myalgia),daily,binary,Muscle aches (Myalgia),sympt_unlisted_0item,[sympt_unlisted]='1'
1085,sympt_unlisted_0item___Nasal congestion,daily,binary,Nasal congestion,sympt_unlisted_0item,[sympt_unlisted]='1'
1086,sympt_unlisted_0item___Nausea or vomiting,daily,binary,Nausea or vomiting,sympt_unlisted_0item,[sympt_unlisted]='1'
1087,sympt_unlisted_0item___Pain during urination (Dysuria),daily,binary,Pain during urination (Dysuria),sympt_unlisted_0item,[sympt_unlisted]='1'
1088,sympt_unlisted_0item___Pallor,daily,binary,Pallor,sympt_unlisted_0item,[sympt_unlisted]='1'
1089,sympt_unlisted_0item___Palpitations,daily,binary,Palpitations,sympt_unlisted_0item,[sympt_unlisted]='1'
1090,sympt_unlisted_0item___Problems swallowing or chewing (Dysphagia),daily,binary,Problems swallowing or chewing (Dysphagia),sympt_unlisted_0item,[sympt_unlisted]='1'
1091,sympt_unlisted_0item___Pruritus,daily,binary,Pruritus,sympt_unlisted_0item,[sympt_unlisted]='1'
1092,sympt_unlisted_0item___Rapid heart beat/Pulse (Tachycardia),daily,binary,Rapid heart beat/Pulse (Tachycardia),sympt_unlisted_0item,[sympt_unlisted]='1'
1093,sympt_unlisted_0item___Rashes or skin lesions,daily,binary,Rashes or skin lesions,sympt_unlisted_0item,[sympt_unlisted]='1'
1094,sympt_unlisted_0item___Retention of urine,daily,binary,Retention of urine,sympt_unlisted_0item,[sympt_unlisted]='1'
1095,sympt_unlisted_0item___Shortness of breath (Dyspnea),daily,binary,Shortness of breath (Dyspnea),sympt_unlisted_0item,[sympt_unlisted]='1'
1096,sympt_unlisted_0item___Skin lesion,daily,binary,Skin lesion,sympt_unlisted_0item,[sympt_unlisted]='1'
1097,sympt_unlisted_0item___Skin rash,daily,binary,Skin rash,sympt_unlisted_0item,[sympt_unlisted]='1'
1098,sympt_unlisted_0item___Sleep disorder,daily,binary,Sleep disorder,sympt_unlisted_0item,[sympt_unlisted]='1'
1099,sympt_unlisted_0item___Sneezing,daily,binary,Sneezing,sympt_unlisted_0item,[sympt_unlisted]='1'
1100,sympt_unlisted_0item___Speech disturbances,daily,binary,Speech disturbances,sympt_unlisted_0item,[sympt_unlisted]='1'
1101,sympt_unlisted_0item___Spontaneous bruising (Spontaneous ecchymoses),daily,binary,Spontaneous bruising (Spontaneous ecchymoses),sympt_unlisted_0item,[sympt_unlisted]='1'
1102,sympt_unlisted_0item___Swollen lymph nodes (Enlarged lymph nodes),daily,binary,Swollen lymph nodes (Enlarged lymph nodes),sympt_unlisted_0item,[sympt_unlisted]='1'
1103,sympt_unlisted_0item___Tinnitus,daily,binary,Tinnitus,sympt_unlisted_0item,[sympt_unlisted]='1'
1104,sympt_unlisted_0item___Tremor,daily,binary,Tremor,sympt_unlisted_0item,[sympt_unlisted]='1'
1105,sympt_unlisted_0item___Urinary incontinence,daily,binary,Urinary incontinence,sympt_unlisted_0item,[sympt_unlisted]='1'
1106,sympt_unlisted_0item___Visual disturbances,daily,binary,Visual disturbances,sympt_unlisted_0item,[sympt_unlisted]='1'
1107,sympt_unlisted_0item___Wheezing,daily,binary,Wheezing,sympt_unlisted_0item,[sympt_unlisted]='1'
1108,sympt_unlisted_0item___Other,daily,binary,Other,sympt_unlisted_0item,[sympt_unlisted]='1'
1109,sympt_unlisted_0otherl2,daily,freetext,Specify other symptom(s),sympt,[sympt_unlisted_0item]='88'
1110,sympt_unlisted_0addi,daily,binary,Any additional other symptom(s) ?,sympt,[sympt_unlisted]='1'
1111,sympt_unlisted_1item,daily,categorical,>Select additional other symptom(s) 2,sympt,[sympt_unlisted_0addi]='1'
1112,sympt_unlisted_1item___Abnormal weight loss,daily,binary,Abnormal weight loss,sympt_unlisted_1item,[sympt_unlisted_0addi]='1'
1113,sympt_unlisted_1item___Alopecia (Nonscarring hair loss),daily,binary,Alopecia (Nonscarring hair loss),sympt_unlisted_1item,[sympt_unlisted_0addi]='1'
1114,sympt_unlisted_1item___Altered consciousness / Confusion (Disorientation),daily,binary,Altered consciousness / Confusion (Disorientation),sympt_unlisted_1item,[sympt_unlisted_0addi]='1'
1115,sympt_unlisted_1item___Anorexia,daily,binary,Anorexia,sympt_unlisted_1item,[sympt_unlisted_0addi]='1'
1116,sympt_unlisted_1item___Ascites,daily,binary,Ascites,sympt_unlisted_1item,[sympt_unlisted_0addi]='1'
1117,sympt_unlisted_1item___Bleeding (Haemorrhage),daily,binary,Bleeding (Haemorrhage),sympt_unlisted_1item,[sympt_unlisted_0addi]='1'
1118,sympt_unlisted_1item___Bruising (Spontaneous ecchymoses),daily,binary,Bruising (Spontaneous ecchymoses),sympt_unlisted_1item,[sympt_unlisted_0addi]='1'
1119,sympt_unlisted_1item___Can't fully move or control movement (Paralytic syndrome),daily,binary,Can't fully move or control movement (Paralytic syndrome),sympt_unlisted_1item,[sympt_unlisted_0addi]='1'
1120,sympt_unlisted_1item___Cardiac arrhythmia,daily,binary,Cardiac arrhythmia,sympt_unlisted_1item,[sympt_unlisted_0addi]='1'
1121,sympt_unlisted_1item___Chest pain on breathing,daily,binary,Chest pain on breathing,sympt_unlisted_1item,[sympt_unlisted_0addi]='1'
1122,sympt_unlisted_1item___Chills (without fever),daily,binary,Chills (without fever),sympt_unlisted_1item,[sympt_unlisted_0addi]='1'
1123,sympt_unlisted_1item___Cognitive impairment (Unspecified intellectual disabilities),daily,binary,Cognitive impairment (Unspecified intellectual disabilities),sympt_unlisted_1item,[sympt_unlisted_0addi]='1'
1124,sympt_unlisted_1item___Conjunctivitis,daily,binary,Conjunctivitis,sympt_unlisted_1item,[sympt_unlisted_0addi]='1'
1125,sympt_unlisted_1item___Convulsions,daily,binary,Convulsions,sympt_unlisted_1item,[sympt_unlisted_0addi]='1'
1126,sympt_unlisted_1item___Difficulty eating or drinking (Dysphagia),daily,binary,Difficulty eating or drinking (Dysphagia),sympt_unlisted_1item,[sympt_unlisted_0addi]='1'
1127,sympt_unlisted_1item___Difficulty in walking,daily,binary,Difficulty in walking,sympt_unlisted_1item,[sympt_unlisted_0addi]='1'
1128,sympt_unlisted_1item___Disorders of nose and nasal sinuses,daily,binary,Disorders of nose and nasal sinuses,sympt_unlisted_1item,[sympt_unlisted_0addi]='1'
1129,sympt_unlisted_1item___Disturbance in attention (Altered mental status),daily,binary,Disturbance in attention (Altered mental status),sympt_unlisted_1item,[sympt_unlisted_0addi]='1'
1130,sympt_unlisted_1item___Dizziness/light headedness (Dizziness and giddiness),daily,binary,Dizziness/light headedness (Dizziness and giddiness),sympt_unlisted_1item,[sympt_unlisted_0addi]='1'
1131,sympt_unlisted_1item___Fainting / blackouts (Syncope and collapse),daily,binary,Fainting / blackouts (Syncope and collapse),sympt_unlisted_1item,[sympt_unlisted_0addi]='1'
1132,sympt_unlisted_1item___Feeding difficulty,daily,binary,Feeding difficulty,sympt_unlisted_1item,[sympt_unlisted_0addi]='1'
1133,sympt_unlisted_1item___Fever,daily,binary,Fever,sympt_unlisted_1item,[sympt_unlisted_0addi]='1'
1134,sympt_unlisted_1item___Gastrointestinal bleeding (Gastrointestinal hemorrhage),daily,binary,Gastrointestinal bleeding (Gastrointestinal hemorrhage),sympt_unlisted_1item,[sympt_unlisted_0addi]='1'
1135,sympt_unlisted_1item___Headache,daily,binary,Headache,sympt_unlisted_1item,[sympt_unlisted_0addi]='1'
1136,sympt_unlisted_1item___Hepatomegaly,daily,binary,Hepatomegaly,sympt_unlisted_1item,[sympt_unlisted_0addi]='1'
1137,sympt_unlisted_1item___Increased thirst (Polydipsia),daily,binary,Increased thirst (Polydipsia),sympt_unlisted_1item,[sympt_unlisted_0addi]='1'
1138,sympt_unlisted_1item___Itchy eye,daily,binary,Itchy eye,sympt_unlisted_1item,[sympt_unlisted_0addi]='1'
1139,sympt_unlisted_1item___Jaundice,daily,binary,Jaundice,sympt_unlisted_1item,[sympt_unlisted_0addi]='1'
1140,sympt_unlisted_1item___Joint pain (Arthralgia),daily,binary,Joint pain (Arthralgia),sympt_unlisted_1item,[sympt_unlisted_0addi]='1'
1141,sympt_unlisted_1item___Keratitis,daily,binary,Keratitis,sympt_unlisted_1item,[sympt_unlisted_0addi]='1'
1142,sympt_unlisted_1item___Limb weakness / paralysis (Monoplegia),daily,binary,Limb weakness / paralysis (Monoplegia),sympt_unlisted_1item,[sympt_unlisted_0addi]='1'
1143,sympt_unlisted_1item___Localized edema,daily,binary,Localized edema,sympt_unlisted_1item,[sympt_unlisted_0addi]='1'
1144,sympt_unlisted_1item___Loss of appetite (Anorexia),daily,binary,Loss of appetite (Anorexia),sympt_unlisted_1item,[sympt_unlisted_0addi]='1'
1145,sympt_unlisted_1item___Loss of smell (Anosmia),daily,binary,Loss of smell (Anosmia),sympt_unlisted_1item,[sympt_unlisted_0addi]='1'
1146,sympt_unlisted_1item___Mouth ulcers (Recurrent oral aphthae),daily,binary,Mouth ulcers (Recurrent oral aphthae),sympt_unlisted_1item,[sympt_unlisted_0addi]='1'
1147,sympt_unlisted_1item___Muscle weakness,daily,binary,Muscle weakness,sympt_unlisted_1item,[sympt_unlisted_0addi]='1'
1148,sympt_unlisted_1item___Nasal congestion,daily,binary,Nasal congestion,sympt_unlisted_1item,[sympt_unlisted_0addi]='1'
1149,sympt_unlisted_1item___Nausea or vomiting,daily,binary,Nausea or vomiting,sympt_unlisted_1item,[sympt_unlisted_0addi]='1'
1150,sympt_unlisted_1item___Pain during urination (Dysuria),daily,binary,Pain during urination (Dysuria),sympt_unlisted_1item,[sympt_unlisted_0addi]='1'
1151,sympt_unlisted_1item___Pallor,daily,binary,Pallor,sympt_unlisted_1item,[sympt_unlisted_0addi]='1'
1152,sympt_unlisted_1item___Pruritus,daily,binary,Pruritus,sympt_unlisted_1item,[sympt_unlisted_0addi]='1'
1153,sympt_unlisted_1item___Rapid heart beat/Pulse (Tachycardia),daily,binary,Rapid heart beat/Pulse (Tachycardia),sympt_unlisted_1item,[sympt_unlisted_0addi]='1'
1154,sympt_unlisted_1item___Retention of urine,daily,binary,Retention of urine,sympt_unlisted_1item,[sympt_unlisted_0addi]='1'
1155,sympt_unlisted_1item___Shortness of breath (Dyspnea),daily,binary,Shortness of breath (Dyspnea),sympt_unlisted_1item,[sympt_unlisted_0addi]='1'
1156,sympt_unlisted_1item___Skin lesion,daily,binary,Skin lesion,sympt_unlisted_1item,[sympt_unlisted_0addi]='1'
1157,sympt_unlisted_1item___Skin rash,daily,binary,Skin rash,sympt_unlisted_1item,[sympt_unlisted_0addi]='1'
1158,sympt_unlisted_1item___Sleep disorder,daily,binary,Sleep disorder,sympt_unlisted_1item,[sympt_unlisted_0addi]='1'
1159,sympt_unlisted_1item___Sneezing,daily,binary,Sneezing,sympt_unlisted_1item,[sympt_unlisted_0addi]='1'
1160,sympt_unlisted_1item___Sore throat (Pain in throat),daily,binary,Sore throat (Pain in throat),sympt_unlisted_1item,[sympt_unlisted_0addi]='1'
1161,sympt_unlisted_1item___Spontaneous bruising (Spontaneous ecchymoses),daily,binary,Spontaneous bruising (Spontaneous ecchymoses),sympt_unlisted_1item,[sympt_unlisted_0addi]='1'
1162,sympt_unlisted_1item___Tinnitus,daily,binary,Tinnitus,sympt_unlisted_1item,[sympt_unlisted_0addi]='1'
1163,sympt_unlisted_1item___Urinary incontinence,daily,binary,Urinary incontinence,sympt_unlisted_1item,[sympt_unlisted_0addi]='1'
1164,sympt_unlisted_1item___Visual disturbances,daily,binary,Visual disturbances,sympt_unlisted_1item,[sympt_unlisted_0addi]='1'
1165,sympt_unlisted_1item___Wheezing,daily,binary,Wheezing,sympt_unlisted_1item,[sympt_unlisted_0addi]='1'
1166,sympt_unlisted_1item___Other,daily,binary,Other,sympt_unlisted_1item,[sympt_unlisted_0addi]='1'
1167,sympt_unlisted_1otherl2,daily,freetext,>Specify other symptom(s) 2,sympt,[sympt_unlisted_1item]='88'
1168,sympt_unlisted_1addi,daily,binary,>Any additional other symptom(s) ?,sympt,[sympt_unlisted_0addi]='1'
1169,sympt_unlisted_2item,daily,categorical,->Select additional other symptom(s) 3,sympt,[sympt_unlisted_1addi]='1'
1170,sympt_unlisted_2item___Abdominal pain,daily,binary,Abdominal pain,sympt_unlisted_2item,[sympt_unlisted_1addi]='1'
1171,sympt_unlisted_2item___Abnormal weight loss,daily,binary,Abnormal weight loss,sympt_unlisted_2item,[sympt_unlisted_1addi]='1'
1172,sympt_unlisted_2item___Alopecia (Nonscarring hair loss),daily,binary,Alopecia (Nonscarring hair loss),sympt_unlisted_2item,[sympt_unlisted_1addi]='1'
1173,sympt_unlisted_2item___Anorexia,daily,binary,Anorexia,sympt_unlisted_2item,[sympt_unlisted_1addi]='1'
1174,sympt_unlisted_2item___Apnoea,daily,binary,Apnoea,sympt_unlisted_2item,[sympt_unlisted_1addi]='1'
1175,sympt_unlisted_2item___Ascites,daily,binary,Ascites,sympt_unlisted_2item,[sympt_unlisted_1addi]='1'
1176,sympt_unlisted_2item___Bruising (Spontaneous ecchymoses),daily,binary,Bruising (Spontaneous ecchymoses),sympt_unlisted_2item,[sympt_unlisted_1addi]='1'
1177,sympt_unlisted_2item___Can't fully move or control movement (Paralytic syndrome),daily,binary,Can't fully move or control movement (Paralytic syndrome),sympt_unlisted_2item,[sympt_unlisted_1addi]='1'
1178,sympt_unlisted_2item___Cardiac arrhythmia,daily,binary,Cardiac arrhythmia,sympt_unlisted_2item,[sympt_unlisted_1addi]='1'
1179,sympt_unlisted_2item___Changes in menstruation (Irregular menstruation),daily,binary,Changes in menstruation (Irregular menstruation),sympt_unlisted_2item,[sympt_unlisted_1addi]='1'
1180,sympt_unlisted_2item___Changes in skin texture,daily,binary,Changes in skin texture,sympt_unlisted_2item,[sympt_unlisted_1addi]='1'
1181,sympt_unlisted_2item___Chest pain,daily,binary,Chest pain,sympt_unlisted_2item,[sympt_unlisted_1addi]='1'
1182,sympt_unlisted_2item___Chest pain on breathing,daily,binary,Chest pain on breathing,sympt_unlisted_2item,[sympt_unlisted_1addi]='1'
1183,sympt_unlisted_2item___Chills (without fever),daily,binary,Chills (without fever),sympt_unlisted_2item,[sympt_unlisted_1addi]='1'
1184,sympt_unlisted_2item___Cognitive impairment (Unspecified intellectual disabilities),daily,binary,Cognitive impairment (Unspecified intellectual disabilities),sympt_unlisted_2item,[sympt_unlisted_1addi]='1'
1185,sympt_unlisted_2item___Conjunctivitis,daily,binary,Conjunctivitis,sympt_unlisted_2item,[sympt_unlisted_1addi]='1'
1186,sympt_unlisted_2item___Constipation,daily,binary,Constipation,sympt_unlisted_2item,[sympt_unlisted_1addi]='1'
1187,sympt_unlisted_2item___Difficulty eating or drinking (Dysphagia),daily,binary,Difficulty eating or drinking (Dysphagia),sympt_unlisted_2item,[sympt_unlisted_1addi]='1'
1188,sympt_unlisted_2item___Difficulty in walking,daily,binary,Difficulty in walking,sympt_unlisted_2item,[sympt_unlisted_1addi]='1'
1189,sympt_unlisted_2item___Disorders of nose and nasal sinuses,daily,binary,Disorders of nose and nasal sinuses,sympt_unlisted_2item,[sympt_unlisted_1addi]='1'
1190,sympt_unlisted_2item___Disturbance in attention (Altered mental status),daily,binary,Disturbance in attention (Altered mental status),sympt_unlisted_2item,[sympt_unlisted_1addi]='1'
1191,sympt_unlisted_2item___Dry skin (Xerosis cutis),daily,binary,Dry skin (Xerosis cutis),sympt_unlisted_2item,[sympt_unlisted_1addi]='1'
1192,sympt_unlisted_2item___Feeding difficulty,daily,binary,Feeding difficulty,sympt_unlisted_2item,[sympt_unlisted_1addi]='1'
1193,sympt_unlisted_2item___Fever,daily,binary,Fever,sympt_unlisted_2item,[sympt_unlisted_1addi]='1'
1194,sympt_unlisted_2item___Gastrointestinal bleeding (Gastrointestinal hemorrhage),daily,binary,Gastrointestinal bleeding (Gastrointestinal hemorrhage),sympt_unlisted_2item,[sympt_unlisted_1addi]='1'
1195,sympt_unlisted_2item___Headache,daily,binary,Headache,sympt_unlisted_2item,[sympt_unlisted_1addi]='1'
1196,sympt_unlisted_2item___Increased thirst (Polydipsia),daily,binary,Increased thirst (Polydipsia),sympt_unlisted_2item,[sympt_unlisted_1addi]='1'
1197,sympt_unlisted_2item___Increased urination (polyuria),daily,binary,Increased urination (polyuria),sympt_unlisted_2item,[sympt_unlisted_1addi]='1'
1198,sympt_unlisted_2item___Irritability,daily,binary,Irritability,sympt_unlisted_2item,[sympt_unlisted_1addi]='1'
1199,sympt_unlisted_2item___Jaundice,daily,binary,Jaundice,sympt_unlisted_2item,[sympt_unlisted_1addi]='1'
1200,sympt_unlisted_2item___Limb weakness / paralysis (Monoplegia),daily,binary,Limb weakness / paralysis (Monoplegia),sympt_unlisted_2item,[sympt_unlisted_1addi]='1'
1201,sympt_unlisted_2item___Loss of appetite (Anorexia),daily,binary,Loss of appetite (Anorexia),sympt_unlisted_2item,[sympt_unlisted_1addi]='1'
1202,sympt_unlisted_2item___Loss of taste (Parageusia),daily,binary,Loss of taste (Parageusia),sympt_unlisted_2item,[sympt_unlisted_1addi]='1'
1203,sympt_unlisted_2item___Lymphadenitis,daily,binary,Lymphadenitis,sympt_unlisted_2item,[sympt_unlisted_1addi]='1'
1204,sympt_unlisted_2item___Malaise and fatigue,daily,binary,Malaise and fatigue,sympt_unlisted_2item,[sympt_unlisted_1addi]='1'
1205,sympt_unlisted_2item___Mouth ulcers (Recurrent oral aphthae),daily,binary,Mouth ulcers (Recurrent oral aphthae),sympt_unlisted_2item,[sympt_unlisted_1addi]='1'
1206,sympt_unlisted_2item___Mucosal lesion,daily,binary,Mucosal lesion,sympt_unlisted_2item,[sympt_unlisted_1addi]='1'
1207,sympt_unlisted_2item___Muscle aches (Myalgia),daily,binary,Muscle aches (Myalgia),sympt_unlisted_2item,[sympt_unlisted_1addi]='1'
1208,sympt_unlisted_2item___Nasal congestion,daily,binary,Nasal congestion,sympt_unlisted_2item,[sympt_unlisted_1addi]='1'
1209,sympt_unlisted_2item___Nausea or vomiting,daily,binary,Nausea or vomiting,sympt_unlisted_2item,[sympt_unlisted_1addi]='1'
1210,sympt_unlisted_2item___Pain during urination (Dysuria),daily,binary,Pain during urination (Dysuria),sympt_unlisted_2item,[sympt_unlisted_1addi]='1'
1211,sympt_unlisted_2item___Pallor,daily,binary,Pallor,sympt_unlisted_2item,[sympt_unlisted_1addi]='1'
1212,sympt_unlisted_2item___Palpitations,daily,binary,Palpitations,sympt_unlisted_2item,[sympt_unlisted_1addi]='1'
1213,sympt_unlisted_2item___Paresthesia of skin,daily,binary,Paresthesia of skin,sympt_unlisted_2item,[sympt_unlisted_1addi]='1'
1214,sympt_unlisted_2item___Problems swallowing or chewing (Dysphagia),daily,binary,Problems swallowing or chewing (Dysphagia),sympt_unlisted_2item,[sympt_unlisted_1addi]='1'
1215,sympt_unlisted_2item___Pruritus,daily,binary,Pruritus,sympt_unlisted_2item,[sympt_unlisted_1addi]='1'
1216,sympt_unlisted_2item___Rapid heart beat/Pulse (Tachycardia),daily,binary,Rapid heart beat/Pulse (Tachycardia),sympt_unlisted_2item,[sympt_unlisted_1addi]='1'
1217,sympt_unlisted_2item___Retention of urine,daily,binary,Retention of urine,sympt_unlisted_2item,[sympt_unlisted_1addi]='1'
1218,sympt_unlisted_2item___Shortness of breath (Dyspnea),daily,binary,Shortness of breath (Dyspnea),sympt_unlisted_2item,[sympt_unlisted_1addi]='1'
1219,sympt_unlisted_2item___Skin lesion,daily,binary,Skin lesion,sympt_unlisted_2item,[sympt_unlisted_1addi]='1'
1220,sympt_unlisted_2item___Sleep disorder,daily,binary,Sleep disorder,sympt_unlisted_2item,[sympt_unlisted_1addi]='1'
1221,sympt_unlisted_2item___Sneezing,daily,binary,Sneezing,sympt_unlisted_2item,[sympt_unlisted_1addi]='1'
1222,sympt_unlisted_2item___Sore throat (Pain in throat),daily,binary,Sore throat (Pain in throat),sympt_unlisted_2item,[sympt_unlisted_1addi]='1'
1223,sympt_unlisted_2item___Spontaneous bruising (Spontaneous ecchymoses),daily,binary,Spontaneous bruising (Spontaneous ecchymoses),sympt_unlisted_2item,[sympt_unlisted_1addi]='1'
1224,sympt_unlisted_2item___Sweating (hyperhidrosis),daily,binary,Sweating (hyperhidrosis),sympt_unlisted_2item,[sympt_unlisted_1addi]='1'
1225,sympt_unlisted_2item___Swollen lymph nodes (Enlarged lymph nodes),daily,binary,Swollen lymph nodes (Enlarged lymph nodes),sympt_unlisted_2item,[sympt_unlisted_1addi]='1'
1226,sympt_unlisted_2item___Tinnitus,daily,binary,Tinnitus,sympt_unlisted_2item,[sympt_unlisted_1addi]='1'
1227,sympt_unlisted_2item___Urinary incontinence,daily,binary,Urinary incontinence,sympt_unlisted_2item,[sympt_unlisted_1addi]='1'
1228,sympt_unlisted_2item___Wheezing,daily,binary,Wheezing,sympt_unlisted_2item,[sympt_unlisted_1addi]='1'
1229,sympt_unlisted_2item___Other,daily,binary,Other,sympt_unlisted_2item,[sympt_unlisted_1addi]='1'
1230,sympt_unlisted_2otherl2,daily,freetext,->Specify other symptom(s) 3,sympt,[sympt_unlisted_2item]='88'
1231,sympt_unlisted_2addi,daily,binary,->Any additional other symptom(s) ?,sympt,[sympt_unlisted_1addi]='1'
1232,sympt_unlisted_3item,daily,categorical,>->Select additional other symptom(s) 4,sympt,[sympt_unlisted_2addi]='1'
1233,sympt_unlisted_3item___Alopecia (Nonscarring hair loss),daily,binary,Alopecia (Nonscarring hair loss),sympt_unlisted_3item,[sympt_unlisted_2addi]='1'
1234,sympt_unlisted_3item___Apnoea,daily,binary,Apnoea,sympt_unlisted_3item,[sympt_unlisted_2addi]='1'
1235,sympt_unlisted_3item___Ascites,daily,binary,Ascites,sympt_unlisted_3item,[sympt_unlisted_2addi]='1'
1236,sympt_unlisted_3item___Can't fully move or control movement (Paralytic syndrome),daily,binary,Can't fully move or control movement (Paralytic syndrome),sympt_unlisted_3item,[sympt_unlisted_2addi]='1'
1237,sympt_unlisted_3item___Dizziness/light headedness (Dizziness and giddiness),daily,binary,Dizziness/light headedness (Dizziness and giddiness),sympt_unlisted_3item,[sympt_unlisted_2addi]='1'
1238,sympt_unlisted_3item___Fever,daily,binary,Fever,sympt_unlisted_3item,[sympt_unlisted_2addi]='1'
1239,sympt_unlisted_3item___Gastrointestinal bleeding (Gastrointestinal hemorrhage),daily,binary,Gastrointestinal bleeding (Gastrointestinal hemorrhage),sympt_unlisted_3item,[sympt_unlisted_2addi]='1'
1240,sympt_unlisted_3item___Loss of appetite (Anorexia),daily,binary,Loss of appetite (Anorexia),sympt_unlisted_3item,[sympt_unlisted_2addi]='1'
1241,sympt_unlisted_3item___Loss of smell (Anosmia),daily,binary,Loss of smell (Anosmia),sympt_unlisted_3item,[sympt_unlisted_2addi]='1'
1242,sympt_unlisted_3item___Lymphadenitis,daily,binary,Lymphadenitis,sympt_unlisted_3item,[sympt_unlisted_2addi]='1'
1243,sympt_unlisted_3item___Nasal congestion,daily,binary,Nasal congestion,sympt_unlisted_3item,[sympt_unlisted_2addi]='1'
1244,sympt_unlisted_3item___Pallor,daily,binary,Pallor,sympt_unlisted_3item,[sympt_unlisted_2addi]='1'
1245,sympt_unlisted_3item___Palpitations,daily,binary,Palpitations,sympt_unlisted_3item,[sympt_unlisted_2addi]='1'
1246,sympt_unlisted_3item___Pruritus,daily,binary,Pruritus,sympt_unlisted_3item,[sympt_unlisted_2addi]='1'
1247,sympt_unlisted_3item___Rashes or skin lesions,daily,binary,Rashes or skin lesions,sympt_unlisted_3item,[sympt_unlisted_2addi]='1'
1248,sympt_unlisted_3item___Retention of urine,daily,binary,Retention of urine,sympt_unlisted_3item,[sympt_unlisted_2addi]='1'
1249,sympt_unlisted_3item___Speech disturbances,daily,binary,Speech disturbances,sympt_unlisted_3item,[sympt_unlisted_2addi]='1'
1250,sympt_unlisted_3addi,daily,binary,>->Any additional other symptom(s) ?,sympt,[sympt_unlisted_2addi]='1'
1251,sympt_unlisted_4item,daily,categorical,->->Select additional other symptom(s) 5,sympt,[sympt_unlisted_3addi]='1'
1252,sympt_unlisted_4item___Can't feel one side of the body or face (Hemiplegia),daily,binary,Can't feel one side of the body or face (Hemiplegia),sympt_unlisted_4item,[sympt_unlisted_3addi]='1'
1253,sympt_unlisted_4item___Difficulty in walking,daily,binary,Difficulty in walking,sympt_unlisted_4item,[sympt_unlisted_3addi]='1'
1254,sympt_unlisted_4item___Jaundice,daily,binary,Jaundice,sympt_unlisted_4item,[sympt_unlisted_3addi]='1'
1255,sympt_unlisted_4item___Loss of smell (Anosmia),daily,binary,Loss of smell (Anosmia),sympt_unlisted_4item,[sympt_unlisted_3addi]='1'
1256,sympt_unlisted_4item___Malaise and fatigue,daily,binary,Malaise and fatigue,sympt_unlisted_4item,[sympt_unlisted_3addi]='1'
1257,sympt_unlisted_4item___Mouth ulcers (Recurrent oral aphthae),daily,binary,Mouth ulcers (Recurrent oral aphthae),sympt_unlisted_4item,[sympt_unlisted_3addi]='1'
1258,sympt_unlisted_4item___Muscle aches (Myalgia),daily,binary,Muscle aches (Myalgia),sympt_unlisted_4item,[sympt_unlisted_3addi]='1'
1259,sympt_unlisted_4item___Palpitations,daily,binary,Palpitations,sympt_unlisted_4item,[sympt_unlisted_3addi]='1'
1260,sympt_unlisted_4item___Problems swallowing or chewing (Dysphagia),daily,binary,Problems swallowing or chewing (Dysphagia),sympt_unlisted_4item,[sympt_unlisted_3addi]='1'
1261,sympt_unlisted_4item___Pruritus,daily,binary,Pruritus,sympt_unlisted_4item,[sympt_unlisted_3addi]='1'
1262,sympt_unlisted_4item___Swollen lymph nodes (Enlarged lymph nodes),daily,binary,Swollen lymph nodes (Enlarged lymph nodes),sympt_unlisted_4item,[sympt_unlisted_3addi]='1'
1263,sign,daily,section,SIGNS,,
1264,sign_dailydata,daily,binary,Enter clinical signs data for this date?,sign,
1265,sign_sys,daily,freetext,Systemic / general signs,sign,[sign_dailydata]='1'
1266,sign_lymph,daily,categorical,Lymphadenopathy,sign,[sign_dailydata]='1'
1267,sign_lymph___Yes-painful,daily,binary,Yes-painful,sign_lymph,[sign_dailydata]='1'
1268,sign_lymph___Yes-not painful,daily,binary,Yes-not painful,sign_lymph,[sign_dailydata]='1'
1269,sign_lymph___No,daily,binary,No,sign_lymph,[sign_dailydata]='1'
1270,sign_lymph_site,daily,checkbox,Specify lymphadenopathy site(s),sign,[sign_lymph]='1' or [sign_lymph]='2'
1271,sign_lymph_site___Axillary (arm pits),daily,binary,Axillary (arm pits),sign_lymph_site,[sign_lymph]='1' or [sign_lymph]='2'
1272,sign_lymph_site___Cervical (neck),daily,binary,Cervical (neck),sign_lymph_site,[sign_lymph]='1' or [sign_lymph]='2'
1273,sign_lymph_site___Inguinal (groin),daily,binary,Inguinal (groin),sign_lymph_site,[sign_lymph]='1' or [sign_lymph]='2'
1274,sign_lymph_site___Unknown,daily,binary,Unknown,sign_lymph_site,[sign_lymph]='1' or [sign_lymph]='2'
1275,sign_lymph_site___Other,daily,binary,Other,sign_lymph_site,[sign_lymph]='1' or [sign_lymph]='2'
1276,sign_lymph_site_oth,daily,freetext,Specify other lymphadenopathy site(s),sign,[sign_lymph_site(88)]='1'
1277,sign_resp,daily,freetext,Respiratory signs,sign,[sign_dailydata]='1'
1278,sign_phary,daily,binary,Pharyngitis ,sign,[sign_dailydata]='1'
1279,sign_git,daily,freetext,Gastrointestinal signs,sign,[sign_dailydata]='1'
1280,sign_jaund,daily,binary,Jaundice,sign,[sign_dailydata]='1'
1281,sign_cns,daily,freetext,Neurological signs,sign,[sign_dailydata]='1'
1282,sign_neurodist,daily,binary,Psychological disturbance,sign,[sign_dailydata]='1'
1283,sign_otherdesc,daily,freetext,Other  signs,sign,[sign_dailydata]='1'
1284,sign_unlisted,daily,binary,Other sign(s),sign,[sign_dailydata]='1'
1285,sign_unlisted_item___Cough,daily,binary,Cough,sign_unlisted,[sign_dailydata]='1'
1286,sign_unlisted_item___Sore throat (Pain in throat),daily,binary,Sore throat (Pain in throat),sign_unlisted,[sign_dailydata]='1'
1287,sign_unlisted_item___Localized edema,daily,binary,Localized edema,sign_unlisted,[sign_dailydata]='1'
1288,sign_unlisted_item___Constipation,daily,binary,Constipation,sign_unlisted,[sign_dailydata]='1'
1289,sign_unlisted_item___Irritability,daily,binary,Irritability,sign_unlisted,[sign_dailydata]='1'
1290,sign_unlisted_item___Disturbance in attention (Altered mental status),daily,binary,Disturbance in attention (Altered mental status),sign_unlisted,[sign_dailydata]='1'
1291,sign_unlisted_item___Tremor,daily,binary,Tremor,sign_unlisted,[sign_dailydata]='1'
1292,sign_unlisted_item___Chills (without fever),daily,binary,Chills (without fever),sign_unlisted,[sign_dailydata]='1'
1293,sign_unlisted_item___Skin lesion,daily,binary,Skin lesion,sign_unlisted,[sign_dailydata]='1'
1294,sign_unlisted_item___Mouth ulcers (Recurrent oral aphthae),daily,binary,Mouth ulcers (Recurrent oral aphthae),sign_unlisted,[sign_dailydata]='1'
1295,sign_unlisted_item___Changes in menstruation (Irregular menstruation),daily,binary,Changes in menstruation (Irregular menstruation),sign_unlisted,[sign_dailydata]='1'
1296,sign_unlisted_item___Loss of appetite (Anorexia),daily,binary,Loss of appetite (Anorexia),sign_unlisted,[sign_dailydata]='1'
1297,sign_unlisted_item___Sleep disorder,daily,binary,Sleep disorder,sign_unlisted,[sign_dailydata]='1'
1298,sign_unlisted_item___Diarrhea,daily,binary,Diarrhea,sign_unlisted,[sign_dailydata]='1'
1299,sign_unlisted_item___Increased urination (polyuria),daily,binary,Increased urination (polyuria),sign_unlisted,[sign_dailydata]='1'
1300,sign_unlisted_item___Problems swallowing or chewing (Dysphagia),daily,binary,Problems swallowing or chewing (Dysphagia),sign_unlisted,[sign_dailydata]='1'
1301,sign_unlisted_item___Feeding difficulty,daily,binary,Feeding difficulty,sign_unlisted,[sign_dailydata]='1'
1302,sign_unlisted_item___Hepatomegaly,daily,binary,Hepatomegaly,sign_unlisted,[sign_dailydata]='1'
1303,sign_unlisted_item___Ear pain (Otalgia),daily,binary,Ear pain (Otalgia),sign_unlisted,[sign_dailydata]='1'
1304,sign_unlisted_item___Chest pain,daily,binary,Chest pain,sign_unlisted,[sign_dailydata]='1'
1305,sign_unlisted_item___Sweating (hyperhidrosis),daily,binary,Sweating (hyperhidrosis),sign_unlisted,[sign_dailydata]='1'
1306,sign_unlisted_item___Gastrointestinal bleeding (Gastrointestinal hemorrhage),daily,binary,Gastrointestinal bleeding (Gastrointestinal hemorrhage),sign_unlisted,[sign_dailydata]='1'
1307,sign_unlisted_item___Palpitations,daily,binary,Palpitations,sign_unlisted,[sign_dailydata]='1'
1308,sign_unlisted_item___Difficulty in walking,daily,binary,Difficulty in walking,sign_unlisted,[sign_dailydata]='1'
1309,sign_unlisted_item___Altered consciousness / Confusion (Disorientation),daily,binary,Altered consciousness / Confusion (Disorientation),sign_unlisted,[sign_dailydata]='1'
1310,sign_unlisted_item___Changes in skin texture,daily,binary,Changes in skin texture,sign_unlisted,[sign_dailydata]='1'
1311,sign_unlisted_item___Headache,daily,binary,Headache,sign_unlisted,[sign_dailydata]='1'
1312,sign_unlisted_item___Pruritus,daily,binary,Pruritus,sign_unlisted,[sign_dailydata]='1'
1313,sign_unlisted_item___Nasal congestion,daily,binary,Nasal congestion,sign_unlisted,[sign_dailydata]='1'
1314,sign_unlisted_item___Lymphadenitis,daily,binary,Lymphadenitis,sign_unlisted,[sign_dailydata]='1'
1315,sign_unlisted_item___Fever,daily,binary,Fever,sign_unlisted,[sign_dailydata]='1'
1316,sign_unlisted_item___Disorders of nose and nasal sinuses,daily,binary,Disorders of nose and nasal sinuses,sign_unlisted,[sign_dailydata]='1'
1317,sign_unlisted_item___Limb weakness / paralysis (Monoplegia),daily,binary,Limb weakness / paralysis (Monoplegia),sign_unlisted,[sign_dailydata]='1'
1318,sign_unlisted_item___Paresthesia of skin,daily,binary,Paresthesia of skin,sign_unlisted,[sign_dailydata]='1'
1319,sign_unlisted_item___Cardiac arrhythmia,daily,binary,Cardiac arrhythmia,sign_unlisted,[sign_dailydata]='1'
1320,sign_unlisted_item___Muscle aches (Myalgia),daily,binary,Muscle aches (Myalgia),sign_unlisted,[sign_dailydata]='1'
1321,sign_unlisted_item___Nausea or vomiting,daily,binary,Nausea or vomiting,sign_unlisted,[sign_dailydata]='1'
1322,sign_unlisted_item___Retention of urine,daily,binary,Retention of urine,sign_unlisted,[sign_dailydata]='1'
1323,sign_unlisted_item___Apnoea,daily,binary,Apnoea,sign_unlisted,[sign_dailydata]='1'
1324,sign_unlisted_item___Joint pain (Arthralgia),daily,binary,Joint pain (Arthralgia),sign_unlisted,[sign_dailydata]='1'
1325,sign_unlisted_item___Visual disturbances,daily,binary,Visual disturbances,sign_unlisted,[sign_dailydata]='1'
1326,sign_unlisted_item___Jaundice,daily,binary,Jaundice,sign_unlisted,[sign_dailydata]='1'
1327,sign_unlisted_item___Dry skin (Xerosis cutis),daily,binary,Dry skin (Xerosis cutis),sign_unlisted,[sign_dailydata]='1'
1328,sign_unlisted_item___Malaise and fatigue,daily,binary,Malaise and fatigue,sign_unlisted,[sign_dailydata]='1'
1329,sign_unlisted_item___Difficulty eating or drinking (Dysphagia),daily,binary,Difficulty eating or drinking (Dysphagia),sign_unlisted,[sign_dailydata]='1'
1330,sign_unlisted_item___Pallor,daily,binary,Pallor,sign_unlisted,[sign_dailydata]='1'
1331,sign_unlisted_item___Ascites,daily,binary,Ascites,sign_unlisted,[sign_dailydata]='1'
1332,sign_unlisted_item___Muscle weakness,daily,binary,Muscle weakness,sign_unlisted,[sign_dailydata]='1'
1333,sign_unlisted_item___Pain during urination (Dysuria),daily,binary,Pain during urination (Dysuria),sign_unlisted,[sign_dailydata]='1'
1334,sign_unlisted_item___Loss of smell (Anosmia),daily,binary,Loss of smell (Anosmia),sign_unlisted,[sign_dailydata]='1'
1335,sign_unlisted_item___Tinnitus,daily,binary,Tinnitus,sign_unlisted,[sign_dailydata]='1'
1336,sign_unlisted_item___Can't feel one side of the body or face (Hemiplegia),daily,binary,Can't feel one side of the body or face (Hemiplegia),sign_unlisted,[sign_dailydata]='1'
1337,sign_unlisted_item___Mucosal lesion,daily,binary,Mucosal lesion,sign_unlisted,[sign_dailydata]='1'
1338,sign_unlisted_item___Shortness of breath (Dyspnea),daily,binary,Shortness of breath (Dyspnea),sign_unlisted,[sign_dailydata]='1'
1339,sign_unlisted_item___Abdominal pain,daily,binary,Abdominal pain,sign_unlisted,[sign_dailydata]='1'
1340,sign_unlisted_item___Bruising (Spontaneous ecchymoses),daily,binary,Bruising (Spontaneous ecchymoses),sign_unlisted,[sign_dailydata]='1'
1341,sign_unlisted_item___Fainting / blackouts (Syncope and collapse),daily,binary,Fainting / blackouts (Syncope and collapse),sign_unlisted,[sign_dailydata]='1'
1342,sign_unlisted_item___Skin rash,daily,binary,Skin rash,sign_unlisted,[sign_dailydata]='1'
1343,sign_unlisted_item___Rashes or skin lesions,daily,binary,Rashes or skin lesions,sign_unlisted,[sign_dailydata]='1'
1344,sign_unlisted_item___Anorexia,daily,binary,Anorexia,sign_unlisted,[sign_dailydata]='1'
1345,sign_unlisted_item___Chest pain on breathing,daily,binary,Chest pain on breathing,sign_unlisted,[sign_dailydata]='1'
1346,sign_unlisted_item___Bleeding (Haemorrhage),daily,binary,Bleeding (Haemorrhage),sign_unlisted,[sign_dailydata]='1'
1347,sign_unlisted_item___Spontaneous bruising (Spontaneous ecchymoses),daily,binary,Spontaneous bruising (Spontaneous ecchymoses),sign_unlisted,[sign_dailydata]='1'
1348,sign_unlisted_item___Convulsions,daily,binary,Convulsions,sign_unlisted,[sign_dailydata]='1'
1349,sign_unlisted_item___Swollen lymph nodes (Enlarged lymph nodes),daily,binary,Swollen lymph nodes (Enlarged lymph nodes),sign_unlisted,[sign_dailydata]='1'
1350,sign_unlisted_item___Dizziness/light headedness (Dizziness and giddiness),daily,binary,Dizziness/light headedness (Dizziness and giddiness),sign_unlisted,[sign_dailydata]='1'
1351,sign_unlisted_item___Urinary incontinence,daily,binary,Urinary incontinence,sign_unlisted,[sign_dailydata]='1'
1352,sign_unlisted_item___Keratitis,daily,binary,Keratitis,sign_unlisted,[sign_dailydata]='1'
1353,sign_unlisted_item___Conjunctivitis,daily,binary,Conjunctivitis,sign_unlisted,[sign_dailydata]='1'
1354,sign_unlisted_item___Cognitive impairment (Unspecified intellectual disabilities),daily,binary,Cognitive impairment (Unspecified intellectual disabilities),sign_unlisted,[sign_dailydata]='1'
1355,sign_unlisted_item___Alopecia (Nonscarring hair loss),daily,binary,Alopecia (Nonscarring hair loss),sign_unlisted,[sign_dailydata]='1'
1356,sign_unlisted_item___Increased thirst (Polydipsia),daily,binary,Increased thirst (Polydipsia),sign_unlisted,[sign_dailydata]='1'
1357,sign_unlisted_item___Fecal incontinence,daily,binary,Fecal incontinence,sign_unlisted,[sign_dailydata]='1'
1358,sign_unlisted_item___Speech disturbances,daily,binary,Speech disturbances,sign_unlisted,[sign_dailydata]='1'
1359,sign_unlisted_item___Wheezing,daily,binary,Wheezing,sign_unlisted,[sign_dailydata]='1'
1360,sign_unlisted_item___Abnormal weight loss,daily,binary,Abnormal weight loss,sign_unlisted,[sign_dailydata]='1'
1361,sign_unlisted_item___Erectile dysfunction,daily,binary,Erectile dysfunction,sign_unlisted,[sign_dailydata]='1'
1362,sign_unlisted_item___Sneezing,daily,binary,Sneezing,sign_unlisted,[sign_dailydata]='1'
1363,sign_unlisted_item___Loss of taste (Parageusia),daily,binary,Loss of taste (Parageusia),sign_unlisted,[sign_dailydata]='1'
1364,sign_unlisted_item___Can't fully move or control movement (Paralytic syndrome),daily,binary,Can't fully move or control movement (Paralytic syndrome),sign_unlisted,[sign_dailydata]='1'
1365,sign_unlisted_item___Rapid heart beat/Pulse (Tachycardia),daily,binary,Rapid heart beat/Pulse (Tachycardia),sign_unlisted,[sign_dailydata]='1'
1366,sign_unlisted_0item,daily,categorical,Select other sign(s),sign,[sign_unlisted]='1'
1367,sign_unlisted_0item___Abdominal pain,daily,binary,Abdominal pain,sign_unlisted_0item,[sign_unlisted]='1'
1368,sign_unlisted_0item___Alopecia (Nonscarring hair loss),daily,binary,Alopecia (Nonscarring hair loss),sign_unlisted_0item,[sign_unlisted]='1'
1369,sign_unlisted_0item___Altered consciousness / Confusion (Disorientation),daily,binary,Altered consciousness / Confusion (Disorientation),sign_unlisted_0item,[sign_unlisted]='1'
1370,sign_unlisted_0item___Anorexia,daily,binary,Anorexia,sign_unlisted_0item,[sign_unlisted]='1'
1371,sign_unlisted_0item___Apnoea,daily,binary,Apnoea,sign_unlisted_0item,[sign_unlisted]='1'
1372,sign_unlisted_0item___Ascites,daily,binary,Ascites,sign_unlisted_0item,[sign_unlisted]='1'
1373,sign_unlisted_0item___Bruising (Spontaneous ecchymoses),daily,binary,Bruising (Spontaneous ecchymoses),sign_unlisted_0item,[sign_unlisted]='1'
1374,sign_unlisted_0item___Can't feel one side of the body or face (Hemiplegia),daily,binary,Can't feel one side of the body or face (Hemiplegia),sign_unlisted_0item,[sign_unlisted]='1'
1375,sign_unlisted_0item___Can't fully move or control movement (Paralytic syndrome),daily,binary,Can't fully move or control movement (Paralytic syndrome),sign_unlisted_0item,[sign_unlisted]='1'
1376,sign_unlisted_0item___Cardiac arrhythmia,daily,binary,Cardiac arrhythmia,sign_unlisted_0item,[sign_unlisted]='1'
1377,sign_unlisted_0item___Changes in menstruation (Irregular menstruation),daily,binary,Changes in menstruation (Irregular menstruation),sign_unlisted_0item,[sign_unlisted]='1'
1378,sign_unlisted_0item___Changes in skin texture,daily,binary,Changes in skin texture,sign_unlisted_0item,[sign_unlisted]='1'
1379,sign_unlisted_0item___Chest pain,daily,binary,Chest pain,sign_unlisted_0item,[sign_unlisted]='1'
1380,sign_unlisted_0item___Chest pain on breathing,daily,binary,Chest pain on breathing,sign_unlisted_0item,[sign_unlisted]='1'
1381,sign_unlisted_0item___Chills (without fever),daily,binary,Chills (without fever),sign_unlisted_0item,[sign_unlisted]='1'
1382,sign_unlisted_0item___Cognitive impairment (Unspecified intellectual disabilities),daily,binary,Cognitive impairment (Unspecified intellectual disabilities),sign_unlisted_0item,[sign_unlisted]='1'
1383,sign_unlisted_0item___Conjunctivitis,daily,binary,Conjunctivitis,sign_unlisted_0item,[sign_unlisted]='1'
1384,sign_unlisted_0item___Constipation,daily,binary,Constipation,sign_unlisted_0item,[sign_unlisted]='1'
1385,sign_unlisted_0item___Convulsions,daily,binary,Convulsions,sign_unlisted_0item,[sign_unlisted]='1'
1386,sign_unlisted_0item___Cough,daily,binary,Cough,sign_unlisted_0item,[sign_unlisted]='1'
1387,sign_unlisted_0item___Diarrhea,daily,binary,Diarrhea,sign_unlisted_0item,[sign_unlisted]='1'
1388,sign_unlisted_0item___Difficulty eating or drinking (Dysphagia),daily,binary,Difficulty eating or drinking (Dysphagia),sign_unlisted_0item,[sign_unlisted]='1'
1389,sign_unlisted_0item___Difficulty in walking,daily,binary,Difficulty in walking,sign_unlisted_0item,[sign_unlisted]='1'
1390,sign_unlisted_0item___Disorders of nose and nasal sinuses,daily,binary,Disorders of nose and nasal sinuses,sign_unlisted_0item,[sign_unlisted]='1'
1391,sign_unlisted_0item___Disturbance in attention (Altered mental status),daily,binary,Disturbance in attention (Altered mental status),sign_unlisted_0item,[sign_unlisted]='1'
1392,sign_unlisted_0item___Dizziness/light headedness (Dizziness and giddiness),daily,binary,Dizziness/light headedness (Dizziness and giddiness),sign_unlisted_0item,[sign_unlisted]='1'
1393,sign_unlisted_0item___Dry skin (Xerosis cutis),daily,binary,Dry skin (Xerosis cutis),sign_unlisted_0item,[sign_unlisted]='1'
1394,sign_unlisted_0item___Ear pain (Otalgia),daily,binary,Ear pain (Otalgia),sign_unlisted_0item,[sign_unlisted]='1'
1395,sign_unlisted_0item___Erectile dysfunction,daily,binary,Erectile dysfunction,sign_unlisted_0item,[sign_unlisted]='1'
1396,sign_unlisted_0item___Fainting / blackouts (Syncope and collapse),daily,binary,Fainting / blackouts (Syncope and collapse),sign_unlisted_0item,[sign_unlisted]='1'
1397,sign_unlisted_0item___Fecal incontinence,daily,binary,Fecal incontinence,sign_unlisted_0item,[sign_unlisted]='1'
1398,sign_unlisted_0item___Feeding difficulty,daily,binary,Feeding difficulty,sign_unlisted_0item,[sign_unlisted]='1'
1399,sign_unlisted_0item___Fever,daily,binary,Fever,sign_unlisted_0item,[sign_unlisted]='1'
1400,sign_unlisted_0item___Gastrointestinal bleeding (Gastrointestinal hemorrhage),daily,binary,Gastrointestinal bleeding (Gastrointestinal hemorrhage),sign_unlisted_0item,[sign_unlisted]='1'
1401,sign_unlisted_0item___Headache,daily,binary,Headache,sign_unlisted_0item,[sign_unlisted]='1'
1402,sign_unlisted_0item___Hepatomegaly,daily,binary,Hepatomegaly,sign_unlisted_0item,[sign_unlisted]='1'
1403,sign_unlisted_0item___Increased thirst (Polydipsia),daily,binary,Increased thirst (Polydipsia),sign_unlisted_0item,[sign_unlisted]='1'
1404,sign_unlisted_0item___Increased urination (polyuria),daily,binary,Increased urination (polyuria),sign_unlisted_0item,[sign_unlisted]='1'
1405,sign_unlisted_0item___Irritability,daily,binary,Irritability,sign_unlisted_0item,[sign_unlisted]='1'
1406,sign_unlisted_0item___Jaundice,daily,binary,Jaundice,sign_unlisted_0item,[sign_unlisted]='1'
1407,sign_unlisted_0item___Joint pain (Arthralgia),daily,binary,Joint pain (Arthralgia),sign_unlisted_0item,[sign_unlisted]='1'
1408,sign_unlisted_0item___Keratitis,daily,binary,Keratitis,sign_unlisted_0item,[sign_unlisted]='1'
1409,sign_unlisted_0item___Limb weakness / paralysis (Monoplegia),daily,binary,Limb weakness / paralysis (Monoplegia),sign_unlisted_0item,[sign_unlisted]='1'
1410,sign_unlisted_0item___Localized edema,daily,binary,Localized edema,sign_unlisted_0item,[sign_unlisted]='1'
1411,sign_unlisted_0item___Loss of appetite (Anorexia),daily,binary,Loss of appetite (Anorexia),sign_unlisted_0item,[sign_unlisted]='1'
1412,sign_unlisted_0item___Loss of smell (Anosmia),daily,binary,Loss of smell (Anosmia),sign_unlisted_0item,[sign_unlisted]='1'
1413,sign_unlisted_0item___Lymphadenitis,daily,binary,Lymphadenitis,sign_unlisted_0item,[sign_unlisted]='1'
1414,sign_unlisted_0item___Malaise and fatigue,daily,binary,Malaise and fatigue,sign_unlisted_0item,[sign_unlisted]='1'
1415,sign_unlisted_0item___Mouth ulcers (Recurrent oral aphthae),daily,binary,Mouth ulcers (Recurrent oral aphthae),sign_unlisted_0item,[sign_unlisted]='1'
1416,sign_unlisted_0item___Mucosal lesion,daily,binary,Mucosal lesion,sign_unlisted_0item,[sign_unlisted]='1'
1417,sign_unlisted_0item___Muscle aches (Myalgia),daily,binary,Muscle aches (Myalgia),sign_unlisted_0item,[sign_unlisted]='1'
1418,sign_unlisted_0item___Muscle weakness,daily,binary,Muscle weakness,sign_unlisted_0item,[sign_unlisted]='1'
1419,sign_unlisted_0item___Nasal congestion,daily,binary,Nasal congestion,sign_unlisted_0item,[sign_unlisted]='1'
1420,sign_unlisted_0item___Nausea or vomiting,daily,binary,Nausea or vomiting,sign_unlisted_0item,[sign_unlisted]='1'
1421,sign_unlisted_0item___Pain during urination (Dysuria),daily,binary,Pain during urination (Dysuria),sign_unlisted_0item,[sign_unlisted]='1'
1422,sign_unlisted_0item___Pallor,daily,binary,Pallor,sign_unlisted_0item,[sign_unlisted]='1'
1423,sign_unlisted_0item___Palpitations,daily,binary,Palpitations,sign_unlisted_0item,[sign_unlisted]='1'
1424,sign_unlisted_0item___Paresthesia of skin,daily,binary,Paresthesia of skin,sign_unlisted_0item,[sign_unlisted]='1'
1425,sign_unlisted_0item___Problems swallowing or chewing (Dysphagia),daily,binary,Problems swallowing or chewing (Dysphagia),sign_unlisted_0item,[sign_unlisted]='1'
1426,sign_unlisted_0item___Pruritus,daily,binary,Pruritus,sign_unlisted_0item,[sign_unlisted]='1'
1427,sign_unlisted_0item___Rapid heart beat/Pulse (Tachycardia),daily,binary,Rapid heart beat/Pulse (Tachycardia),sign_unlisted_0item,[sign_unlisted]='1'
1428,sign_unlisted_0item___Rashes or skin lesions,daily,binary,Rashes or skin lesions,sign_unlisted_0item,[sign_unlisted]='1'
1429,sign_unlisted_0item___Retention of urine,daily,binary,Retention of urine,sign_unlisted_0item,[sign_unlisted]='1'
1430,sign_unlisted_0item___Shortness of breath (Dyspnea),daily,binary,Shortness of breath (Dyspnea),sign_unlisted_0item,[sign_unlisted]='1'
1431,sign_unlisted_0item___Skin lesion,daily,binary,Skin lesion,sign_unlisted_0item,[sign_unlisted]='1'
1432,sign_unlisted_0item___Skin rash,daily,binary,Skin rash,sign_unlisted_0item,[sign_unlisted]='1'
1433,sign_unlisted_0item___Sleep disorder,daily,binary,Sleep disorder,sign_unlisted_0item,[sign_unlisted]='1'
1434,sign_unlisted_0item___Sneezing,daily,binary,Sneezing,sign_unlisted_0item,[sign_unlisted]='1'
1435,sign_unlisted_0item___Sore throat (Pain in throat),daily,binary,Sore throat (Pain in throat),sign_unlisted_0item,[sign_unlisted]='1'
1436,sign_unlisted_0item___Speech disturbances,daily,binary,Speech disturbances,sign_unlisted_0item,[sign_unlisted]='1'
1437,sign_unlisted_0item___Spontaneous bruising (Spontaneous ecchymoses),daily,binary,Spontaneous bruising (Spontaneous ecchymoses),sign_unlisted_0item,[sign_unlisted]='1'
1438,sign_unlisted_0item___Sweating (hyperhidrosis),daily,binary,Sweating (hyperhidrosis),sign_unlisted_0item,[sign_unlisted]='1'
1439,sign_unlisted_0item___Swollen lymph nodes (Enlarged lymph nodes),daily,binary,Swollen lymph nodes (Enlarged lymph nodes),sign_unlisted_0item,[sign_unlisted]='1'
1440,sign_unlisted_0item___Tinnitus,daily,binary,Tinnitus,sign_unlisted_0item,[sign_unlisted]='1'
1441,sign_unlisted_0item___Tremor,daily,binary,Tremor,sign_unlisted_0item,[sign_unlisted]='1'
1442,sign_unlisted_0item___Urinary incontinence,daily,binary,Urinary incontinence,sign_unlisted_0item,[sign_unlisted]='1'
1443,sign_unlisted_0item___Visual disturbances,daily,binary,Visual disturbances,sign_unlisted_0item,[sign_unlisted]='1'
1444,sign_unlisted_0item___Wheezing,daily,binary,Wheezing,sign_unlisted_0item,[sign_unlisted]='1'
1445,sign_unlisted_0item___Other,daily,binary,Other,sign_unlisted_0item,[sign_unlisted]='1'
1446,sign_unlisted_0otherl2,daily,freetext,Specify other sign(s),sign,[sign_unlisted_0item]='88'
1447,sign_unlisted_0addi,daily,binary,Any additional other sign(s) ?,sign,[sign_unlisted]='1'
1448,sign_unlisted_1item,daily,categorical,>Select additional other sign(s) 2,sign,[sign_unlisted_0addi]='1'
1449,sign_unlisted_1item___Abnormal weight loss,daily,binary,Abnormal weight loss,sign_unlisted_1item,[sign_unlisted_0addi]='1'
1450,sign_unlisted_1item___Alopecia (Nonscarring hair loss),daily,binary,Alopecia (Nonscarring hair loss),sign_unlisted_1item,[sign_unlisted_0addi]='1'
1451,sign_unlisted_1item___Altered consciousness / Confusion (Disorientation),daily,binary,Altered consciousness / Confusion (Disorientation),sign_unlisted_1item,[sign_unlisted_0addi]='1'
1452,sign_unlisted_1item___Anorexia,daily,binary,Anorexia,sign_unlisted_1item,[sign_unlisted_0addi]='1'
1453,sign_unlisted_1item___Apnoea,daily,binary,Apnoea,sign_unlisted_1item,[sign_unlisted_0addi]='1'
1454,sign_unlisted_1item___Ascites,daily,binary,Ascites,sign_unlisted_1item,[sign_unlisted_0addi]='1'
1455,sign_unlisted_1item___Bleeding (Haemorrhage),daily,binary,Bleeding (Haemorrhage),sign_unlisted_1item,[sign_unlisted_0addi]='1'
1456,sign_unlisted_1item___Bruising (Spontaneous ecchymoses),daily,binary,Bruising (Spontaneous ecchymoses),sign_unlisted_1item,[sign_unlisted_0addi]='1'
1457,sign_unlisted_1item___Can't fully move or control movement (Paralytic syndrome),daily,binary,Can't fully move or control movement (Paralytic syndrome),sign_unlisted_1item,[sign_unlisted_0addi]='1'
1458,sign_unlisted_1item___Changes in skin texture,daily,binary,Changes in skin texture,sign_unlisted_1item,[sign_unlisted_0addi]='1'
1459,sign_unlisted_1item___Chest pain,daily,binary,Chest pain,sign_unlisted_1item,[sign_unlisted_0addi]='1'
1460,sign_unlisted_1item___Chest pain on breathing,daily,binary,Chest pain on breathing,sign_unlisted_1item,[sign_unlisted_0addi]='1'
1461,sign_unlisted_1item___Chills (without fever),daily,binary,Chills (without fever),sign_unlisted_1item,[sign_unlisted_0addi]='1'
1462,sign_unlisted_1item___Cognitive impairment (Unspecified intellectual disabilities),daily,binary,Cognitive impairment (Unspecified intellectual disabilities),sign_unlisted_1item,[sign_unlisted_0addi]='1'
1463,sign_unlisted_1item___Conjunctivitis,daily,binary,Conjunctivitis,sign_unlisted_1item,[sign_unlisted_0addi]='1'
1464,sign_unlisted_1item___Constipation,daily,binary,Constipation,sign_unlisted_1item,[sign_unlisted_0addi]='1'
1465,sign_unlisted_1item___Convulsions,daily,binary,Convulsions,sign_unlisted_1item,[sign_unlisted_0addi]='1'
1466,sign_unlisted_1item___Diarrhea,daily,binary,Diarrhea,sign_unlisted_1item,[sign_unlisted_0addi]='1'
1467,sign_unlisted_1item___Difficulty eating or drinking (Dysphagia),daily,binary,Difficulty eating or drinking (Dysphagia),sign_unlisted_1item,[sign_unlisted_0addi]='1'
1468,sign_unlisted_1item___Disorders of nose and nasal sinuses,daily,binary,Disorders of nose and nasal sinuses,sign_unlisted_1item,[sign_unlisted_0addi]='1'
1469,sign_unlisted_1item___Disturbance in attention (Altered mental status),daily,binary,Disturbance in attention (Altered mental status),sign_unlisted_1item,[sign_unlisted_0addi]='1'
1470,sign_unlisted_1item___Dry skin (Xerosis cutis),daily,binary,Dry skin (Xerosis cutis),sign_unlisted_1item,[sign_unlisted_0addi]='1'
1471,sign_unlisted_1item___Erectile dysfunction,daily,binary,Erectile dysfunction,sign_unlisted_1item,[sign_unlisted_0addi]='1'
1472,sign_unlisted_1item___Fainting / blackouts (Syncope and collapse),daily,binary,Fainting / blackouts (Syncope and collapse),sign_unlisted_1item,[sign_unlisted_0addi]='1'
1473,sign_unlisted_1item___Fecal incontinence,daily,binary,Fecal incontinence,sign_unlisted_1item,[sign_unlisted_0addi]='1'
1474,sign_unlisted_1item___Feeding difficulty,daily,binary,Feeding difficulty,sign_unlisted_1item,[sign_unlisted_0addi]='1'
1475,sign_unlisted_1item___Gastrointestinal bleeding (Gastrointestinal hemorrhage),daily,binary,Gastrointestinal bleeding (Gastrointestinal hemorrhage),sign_unlisted_1item,[sign_unlisted_0addi]='1'
1476,sign_unlisted_1item___Headache,daily,binary,Headache,sign_unlisted_1item,[sign_unlisted_0addi]='1'
1477,sign_unlisted_1item___Hepatomegaly,daily,binary,Hepatomegaly,sign_unlisted_1item,[sign_unlisted_0addi]='1'
1478,sign_unlisted_1item___Increased urination (polyuria),daily,binary,Increased urination (polyuria),sign_unlisted_1item,[sign_unlisted_0addi]='1'
1479,sign_unlisted_1item___Irritability,daily,binary,Irritability,sign_unlisted_1item,[sign_unlisted_0addi]='1'
1480,sign_unlisted_1item___Jaundice,daily,binary,Jaundice,sign_unlisted_1item,[sign_unlisted_0addi]='1'
1481,sign_unlisted_1item___Joint pain (Arthralgia),daily,binary,Joint pain (Arthralgia),sign_unlisted_1item,[sign_unlisted_0addi]='1'
1482,sign_unlisted_1item___Keratitis,daily,binary,Keratitis,sign_unlisted_1item,[sign_unlisted_0addi]='1'
1483,sign_unlisted_1item___Limb weakness / paralysis (Monoplegia),daily,binary,Limb weakness / paralysis (Monoplegia),sign_unlisted_1item,[sign_unlisted_0addi]='1'
1484,sign_unlisted_1item___Localized edema,daily,binary,Localized edema,sign_unlisted_1item,[sign_unlisted_0addi]='1'
1485,sign_unlisted_1item___Loss of appetite (Anorexia),daily,binary,Loss of appetite (Anorexia),sign_unlisted_1item,[sign_unlisted_0addi]='1'
1486,sign_unlisted_1item___Loss of taste (Parageusia),daily,binary,Loss of taste (Parageusia),sign_unlisted_1item,[sign_unlisted_0addi]='1'
1487,sign_unlisted_1item___Lymphadenitis,daily,binary,Lymphadenitis,sign_unlisted_1item,[sign_unlisted_0addi]='1'
1488,sign_unlisted_1item___Mouth ulcers (Recurrent oral aphthae),daily,binary,Mouth ulcers (Recurrent oral aphthae),sign_unlisted_1item,[sign_unlisted_0addi]='1'
1489,sign_unlisted_1item___Nasal congestion,daily,binary,Nasal congestion,sign_unlisted_1item,[sign_unlisted_0addi]='1'
1490,sign_unlisted_1item___Nausea or vomiting,daily,binary,Nausea or vomiting,sign_unlisted_1item,[sign_unlisted_0addi]='1'
1491,sign_unlisted_1item___Pain during urination (Dysuria),daily,binary,Pain during urination (Dysuria),sign_unlisted_1item,[sign_unlisted_0addi]='1'
1492,sign_unlisted_1item___Pallor,daily,binary,Pallor,sign_unlisted_1item,[sign_unlisted_0addi]='1'
1493,sign_unlisted_1item___Palpitations,daily,binary,Palpitations,sign_unlisted_1item,[sign_unlisted_0addi]='1'
1494,sign_unlisted_1item___Paresthesia of skin,daily,binary,Paresthesia of skin,sign_unlisted_1item,[sign_unlisted_0addi]='1'
1495,sign_unlisted_1item___Problems swallowing or chewing (Dysphagia),daily,binary,Problems swallowing or chewing (Dysphagia),sign_unlisted_1item,[sign_unlisted_0addi]='1'
1496,sign_unlisted_1item___Pruritus,daily,binary,Pruritus,sign_unlisted_1item,[sign_unlisted_0addi]='1'
1497,sign_unlisted_1item___Rashes or skin lesions,daily,binary,Rashes or skin lesions,sign_unlisted_1item,[sign_unlisted_0addi]='1'
1498,sign_unlisted_1item___Skin lesion,daily,binary,Skin lesion,sign_unlisted_1item,[sign_unlisted_0addi]='1'
1499,sign_unlisted_1item___Sleep disorder,daily,binary,Sleep disorder,sign_unlisted_1item,[sign_unlisted_0addi]='1'
1500,sign_unlisted_1item___Sneezing,daily,binary,Sneezing,sign_unlisted_1item,[sign_unlisted_0addi]='1'
1501,sign_unlisted_1item___Sore throat (Pain in throat),daily,binary,Sore throat (Pain in throat),sign_unlisted_1item,[sign_unlisted_0addi]='1'
1502,sign_unlisted_1item___Speech disturbances,daily,binary,Speech disturbances,sign_unlisted_1item,[sign_unlisted_0addi]='1'
1503,sign_unlisted_1item___Sweating (hyperhidrosis),daily,binary,Sweating (hyperhidrosis),sign_unlisted_1item,[sign_unlisted_0addi]='1'
1504,sign_unlisted_1item___Swollen lymph nodes (Enlarged lymph nodes),daily,binary,Swollen lymph nodes (Enlarged lymph nodes),sign_unlisted_1item,[sign_unlisted_0addi]='1'
1505,sign_unlisted_1item___Tinnitus,daily,binary,Tinnitus,sign_unlisted_1item,[sign_unlisted_0addi]='1'
1506,sign_unlisted_1item___Tremor,daily,binary,Tremor,sign_unlisted_1item,[sign_unlisted_0addi]='1'
1507,sign_unlisted_1item___Urinary incontinence,daily,binary,Urinary incontinence,sign_unlisted_1item,[sign_unlisted_0addi]='1'
1508,sign_unlisted_1item___Visual disturbances,daily,binary,Visual disturbances,sign_unlisted_1item,[sign_unlisted_0addi]='1'
1509,sign_unlisted_1item___Wheezing,daily,binary,Wheezing,sign_unlisted_1item,[sign_unlisted_0addi]='1'
1510,sign_unlisted_1addi,daily,binary,>Any additional other sign(s) ?,sign,[sign_unlisted_0addi]='1'
1511,sign_unlisted_2item,daily,categorical,->Select additional other sign(s) 3,sign,[sign_unlisted_1addi]='1'
1512,sign_unlisted_2item___Conjunctivitis,daily,binary,Conjunctivitis,sign_unlisted_2item,[sign_unlisted_1addi]='1'
1513,sign_unlisted_2item___Nausea or vomiting,daily,binary,Nausea or vomiting,sign_unlisted_2item,[sign_unlisted_1addi]='1'
1514,sign_unlisted_2item___Skin rash,daily,binary,Skin rash,sign_unlisted_2item,[sign_unlisted_1addi]='1'
1515,sign_unlisted_2addi,daily,binary,->Any additional other sign(s) ?,sign,[sign_unlisted_1addi]='1'
1516,sign_unlisted_3item,daily,categorical,>->Select additional other sign(s) 4,sign,[sign_unlisted_2addi]='1'
1517,sign_unlisted_3item___Irritability,daily,binary,Irritability,sign_unlisted_3item,[sign_unlisted_2addi]='1'
1518,sign_unlisted_3item___Limb weakness / paralysis (Monoplegia),daily,binary,Limb weakness / paralysis (Monoplegia),sign_unlisted_3item,[sign_unlisted_2addi]='1'
1519,sign_unlisted_3item___Sore throat (Pain in throat),daily,binary,Sore throat (Pain in throat),sign_unlisted_3item,[sign_unlisted_2addi]='1'
1520,sign_unlisted_3item___Other,daily,binary,Other,sign_unlisted_3item,[sign_unlisted_2addi]='1'
1521,sign_unlisted_3otherl2,daily,freetext,>->Specify other sign(s) 4,sign,[sign_unlisted_3item]='88'
1522,sign_unlisted_3addi,daily,binary,>->Any additional other sign(s) ?,sign,[sign_unlisted_2addi]='1'
1523,lesion,daily,section,SKIN & MUCOSA ASSESSMENT,,
1524,lesion_dailydata,daily,binary,Enter Skin and Mucosa Assessment data for this date?,lesion,
1525,lesion_dist,daily,categorical,Rash distribution,lesion,[lesion_dailydata]='1'
1526,lesion_dist___Generalised,daily,binary,Generalised,lesion_dist,[lesion_dailydata]='1'
1527,lesion_dist___Localised around the genitals,daily,binary,Localised around the genitals,lesion_dist,[lesion_dailydata]='1'
1528,lesion_dist___Centrifugal-more on the extremities,daily,binary,Centrifugal-more on the extremities,lesion_dist,[lesion_dailydata]='1'
1529,lesion_dist___Centripetal-more on the trunk,daily,binary,Centripetal-more on the trunk,lesion_dist,[lesion_dailydata]='1'
1530,lesion_dist___Other distribution,daily,binary,Other distribution,lesion_dist,[lesion_dailydata]='1'
1531,lesion_dist___Unknown distribution,daily,binary,Unknown distribution,lesion_dist,[lesion_dailydata]='1'
1532,lesion_distoth,daily,freetext,Specify other rash distribution,lesion,[lesion_dist]='88'
1533,lesion_morph,daily,categorical,Rash morphology,lesion,[lesion_dailydata]='1'
1534,lesion_morph___Mostly discrete lesions,daily,binary,Mostly discrete lesions,lesion_morph,[lesion_dailydata]='1'
1535,lesion_morph___Semi-confluent lesions,daily,binary,Semi-confluent lesions,lesion_morph,[lesion_dailydata]='1'
1536,lesion_morph___Confluent lesions,daily,binary,Confluent lesions,lesion_morph,[lesion_dailydata]='1'
1537,lesion_morph___Mixed morphology,daily,binary,Mixed morphology,lesion_morph,[lesion_dailydata]='1'
1538,lesion_morphsize,daily,categorical,Rash size (skin) - widest diameter of any lesion,lesion,[lesion_dailydata]='1'
1539,lesion_morphsize___Less than 0.5cm,daily,binary,Less than 0.5cm,lesion_morphsize,[lesion_dailydata]='1'
1540,lesion_morphsize___0.5-0.99cm,daily,binary,0.5-0.99cm,lesion_morphsize,[lesion_dailydata]='1'
1541,lesion_morphsize___1-1.99cm,daily,binary,1-1.99cm,lesion_morphsize,[lesion_dailydata]='1'
1542,lesion_morphsize___2+ cm,daily,binary,2+ cm,lesion_morphsize,[lesion_dailydata]='1'
1543,lesion_skinles,daily,categorical,Current skin lesion status,lesion,[lesion_dailydata]='1'
1544,lesion_skinles___There are active skin lesions,daily,binary,There are active skin lesions,lesion_skinles,[lesion_dailydata]='1'
1545,"lesion_skinles___There are skin lesions and none of them are active (lesions in the process of healing & resolving, including scabbed lesions)",daily,binary,"There are skin lesions and none of them are active (lesions in the process of healing & resolving, including scabbed lesions)",lesion_skinles,[lesion_dailydata]='1'
1546,lesion_skinles___All skin lesions have completely resolved (all scabs have fallen off with intact skin),daily,binary,All skin lesions have completely resolved (all scabs have fallen off with intact skin),lesion_skinles,[lesion_dailydata]='1'
1547,lesion_skinles___No skin lesions have developed to date,daily,binary,No skin lesions have developed to date,lesion_skinles,[lesion_dailydata]='1'
1548,lesion_res,daily,binary,Is there residual evidence of resolved skin lesions (scar/discolouration)?,lesion,[lesion_skinles]='2' or [lesion_skinles]='3' or [lesion_skinles]='4'
1549,lesion_mucos,daily,categorical,Current mucosal lesion status,lesion,[lesion_dailydata]='1'
1550,lesion_mucos___There are mucosal lesions,daily,binary,There are mucosal lesions,lesion_mucos,[lesion_dailydata]='1'
1551,lesion_mucos___There is a history of mucosal lesions but none at present (all have resolved and mucosa is healed),daily,binary,There is a history of mucosal lesions but none at present (all have resolved and mucosa is healed),lesion_mucos,[lesion_dailydata]='1'
1552,lesion_mucos___No mucosal lesions have developed to date,daily,binary,No mucosal lesions have developed to date,lesion_mucos,[lesion_dailydata]='1'
1553,lesion_orophar,daily,binary,If there are mucosal lesions: Persistent symptoms or signs of mucosal oropharyngeal lesions,lesion,[lesion_mucos]='1'
1554,lesion_oropharles,daily,binary,Oro-pharyngeal ulcerated lesion (active),lesion,[lesion_orophar]='1'
1555,lesion_head,daily,binary,"Are there any lesions on the head, face or neck?",lesion,[lesion_skinles]='1'
1556,lesion_head_type,daily,checkbox,"Type of head, face or neck lesions",lesion,[lesion_head]='1'
1557,lesion_head_type___Vesicle,daily,binary,Vesicle,lesion_head_type,[lesion_head]='1'
1558,lesion_head_type___Pustule,daily,binary,Pustule,lesion_head_type,[lesion_head]='1'
1559,lesion_head_type___Ulcerated lesions,daily,binary,Ulcerated lesions,lesion_head_type,[lesion_head]='1'
1560,lesion_head_type___Necrotising lesions,daily,binary,Necrotising lesions,lesion_head_type,[lesion_head]='1'
1561,lesion_head_type___Fungating lesions,daily,binary,Fungating lesions,lesion_head_type,[lesion_head]='1'
1562,lesion_head_type___Haemorrhagic lesions,daily,binary,Haemorrhagic lesions,lesion_head_type,[lesion_head]='1'
1563,lesion_head_type___Other,daily,binary,Other,lesion_head_type,[lesion_head]='1'
1564,lesion_head_type_oth,daily,freetext,"Specify other type of head, face or neck lesions",lesion,[lesion_head_type(88)]='1'
1565,lesion_head_num,daily,freetext,"Number of head, face or neck lesions",lesion,[lesion_head]='1'
1566,lesion_ocular,daily,binary,Are there any ocular lesions within the orbit?,lesion,[lesion_skinles]='1'
1567,lesion_ocular_type,daily,checkbox,Type of ocular lesions,lesion,[lesion_ocular]='1'
1568,lesion_ocular_type___Vesicle,daily,binary,Vesicle,lesion_ocular_type,[lesion_ocular]='1'
1569,lesion_ocular_type___Pustule,daily,binary,Pustule,lesion_ocular_type,[lesion_ocular]='1'
1570,lesion_ocular_type___Ulcerated lesions,daily,binary,Ulcerated lesions,lesion_ocular_type,[lesion_ocular]='1'
1571,lesion_ocular_type___Necrotising lesions,daily,binary,Necrotising lesions,lesion_ocular_type,[lesion_ocular]='1'
1572,lesion_ocular_type___Fungating lesions,daily,binary,Fungating lesions,lesion_ocular_type,[lesion_ocular]='1'
1573,lesion_ocular_type___Haemorrhagic lesions,daily,binary,Haemorrhagic lesions,lesion_ocular_type,[lesion_ocular]='1'
1574,lesion_ocular_type___Other,daily,binary,Other,lesion_ocular_type,[lesion_ocular]='1'
1575,lesion_ocular_type_oth,daily,freetext,Specify other type of ocular lesions,lesion,[lesion_ocular_type(88)]='1'
1576,lesion_ocular_num,daily,freetext,Number of ocular lesions,lesion,[lesion_ocular]='1'
1577,lesion_torso,daily,binary,Are there any lesions on the torso / trunk?,lesion,[lesion_skinles]='1'
1578,lesion_torso_type,daily,checkbox,Type of torso / trunk lesions,lesion,[lesion_torso]='1'
1579,lesion_torso_type___Vesicle,daily,binary,Vesicle,lesion_torso_type,[lesion_torso]='1'
1580,lesion_torso_type___Pustule,daily,binary,Pustule,lesion_torso_type,[lesion_torso]='1'
1581,lesion_torso_type___Ulcerated lesions,daily,binary,Ulcerated lesions,lesion_torso_type,[lesion_torso]='1'
1582,lesion_torso_type___Necrotising lesions,daily,binary,Necrotising lesions,lesion_torso_type,[lesion_torso]='1'
1583,lesion_torso_type___Fungating lesions,daily,binary,Fungating lesions,lesion_torso_type,[lesion_torso]='1'
1584,lesion_torso_type___Haemorrhagic lesions,daily,binary,Haemorrhagic lesions,lesion_torso_type,[lesion_torso]='1'
1585,lesion_torso_type___Other,daily,binary,Other,lesion_torso_type,[lesion_torso]='1'
1586,lesion_torso_type_oth,daily,freetext,Specify other type of torso / trunk lesions,lesion,[lesion_torso_type(88)]='1'
1587,lesion_torso_num,daily,freetext,Number of torso / trunk lesions,lesion,[lesion_torso]='1'
1588,lesion_arms,daily,binary,Are there any lesions on the arms and/or hands?,lesion,[lesion_skinles]='1'
1589,lesion_arms_type,daily,checkbox,Type of arms / hands lesions,lesion,[lesion_arms]='1'
1590,lesion_arms_type___Vesicle,daily,binary,Vesicle,lesion_arms_type,[lesion_arms]='1'
1591,lesion_arms_type___Pustule,daily,binary,Pustule,lesion_arms_type,[lesion_arms]='1'
1592,lesion_arms_type___Ulcerated lesions,daily,binary,Ulcerated lesions,lesion_arms_type,[lesion_arms]='1'
1593,lesion_arms_type___Necrotising lesions,daily,binary,Necrotising lesions,lesion_arms_type,[lesion_arms]='1'
1594,lesion_arms_type___Fungating lesions,daily,binary,Fungating lesions,lesion_arms_type,[lesion_arms]='1'
1595,lesion_arms_type___Haemorrhagic lesions,daily,binary,Haemorrhagic lesions,lesion_arms_type,[lesion_arms]='1'
1596,lesion_arms_type___Other,daily,binary,Other,lesion_arms_type,[lesion_arms]='1'
1597,lesion_arms_type_oth,daily,freetext,Specify other type of arms / hands lesions,lesion,[lesion_arms_type(88)]='1'
1598,lesion_arms_num,daily,freetext,Number of arms / hands lesions,lesion,[lesion_arms]='1'
1599,lesion_legs,daily,binary,Are there any lesions on the legs and/or feet?,lesion,[lesion_skinles]='1'
1600,lesion_legs_type,daily,checkbox,Type of legs / feet lesions,lesion,[lesion_legs]='1'
1601,lesion_legs_type___Vesicle,daily,binary,Vesicle,lesion_legs_type,[lesion_legs]='1'
1602,lesion_legs_type___Pustule,daily,binary,Pustule,lesion_legs_type,[lesion_legs]='1'
1603,lesion_legs_type___Ulcerated lesions,daily,binary,Ulcerated lesions,lesion_legs_type,[lesion_legs]='1'
1604,lesion_legs_type___Necrotising lesions,daily,binary,Necrotising lesions,lesion_legs_type,[lesion_legs]='1'
1605,lesion_legs_type___Fungating lesions,daily,binary,Fungating lesions,lesion_legs_type,[lesion_legs]='1'
1606,lesion_legs_type___Haemorrhagic lesions,daily,binary,Haemorrhagic lesions,lesion_legs_type,[lesion_legs]='1'
1607,lesion_legs_type___Other,daily,binary,Other,lesion_legs_type,[lesion_legs]='1'
1608,lesion_legs_type_oth,daily,freetext,Specify other type of legs / feet lesions,lesion,[lesion_legs_type(88)]='1'
1609,lesion_legs_num,daily,freetext,Number of legs / feet lesions,lesion,[lesion_legs]='1'
1610,lesion_palm,daily,binary,Are there any lesions on the palms?,lesion,[lesion_skinles]='1'
1611,lesion_palm_type,daily,checkbox,Type of palm lesions,lesion,[lesion_palm]='1'
1612,lesion_palm_type___Vesicle,daily,binary,Vesicle,lesion_palm_type,[lesion_palm]='1'
1613,lesion_palm_type___Pustule,daily,binary,Pustule,lesion_palm_type,[lesion_palm]='1'
1614,lesion_palm_type___Ulcerated lesions,daily,binary,Ulcerated lesions,lesion_palm_type,[lesion_palm]='1'
1615,lesion_palm_type___Necrotising lesions,daily,binary,Necrotising lesions,lesion_palm_type,[lesion_palm]='1'
1616,lesion_palm_type___Fungating lesions,daily,binary,Fungating lesions,lesion_palm_type,[lesion_palm]='1'
1617,lesion_palm_type___Haemorrhagic lesions,daily,binary,Haemorrhagic lesions,lesion_palm_type,[lesion_palm]='1'
1618,lesion_palm_type___Other,daily,binary,Other,lesion_palm_type,[lesion_palm]='1'
1619,lesion_palm_type_oth,daily,freetext,If other: Specify other type of palm lesions,lesion,[lesion_palm_type(88)]='1'
1620,lesion_palm_num,daily,freetext,Number of palm lesions,lesion,[lesion_palm]='1'
1621,lesion_sole,daily,binary,Are there any lesions on the soles?,lesion,[lesion_skinles]='1'
1622,lesion_sole_type,daily,checkbox,Type of sole lesions,lesion,[lesion_sole]='1'
1623,lesion_sole_type___Vesicle,daily,binary,Vesicle,lesion_sole_type,[lesion_sole]='1'
1624,lesion_sole_type___Pustule,daily,binary,Pustule,lesion_sole_type,[lesion_sole]='1'
1625,lesion_sole_type___Ulcerated lesions,daily,binary,Ulcerated lesions,lesion_sole_type,[lesion_sole]='1'
1626,lesion_sole_type___Necrotising lesions,daily,binary,Necrotising lesions,lesion_sole_type,[lesion_sole]='1'
1627,lesion_sole_type___Fungating lesions,daily,binary,Fungating lesions,lesion_sole_type,[lesion_sole]='1'
1628,lesion_sole_type___Haemorrhagic lesions,daily,binary,Haemorrhagic lesions,lesion_sole_type,[lesion_sole]='1'
1629,lesion_sole_type___Other,daily,binary,Other,lesion_sole_type,[lesion_sole]='1'
1630,lesion_sole_oth,daily,freetext,If other: Specify other type of sole lesions,lesion,[lesion_sole_type(88)]='1'
1631,lesion_sole_num,daily,freetext,Number of sole lesions,lesion,[lesion_sole]='1'
1632,lesion_genit,daily,binary,Are there any lesions on the external genitalia?,lesion,[lesion_skinles]='1'
1633,lesion_genit_type,daily,checkbox,Type of external genitalia lesions,lesion,[lesion_genit]='1'
1634,lesion_genit_type___Vesicle,daily,binary,Vesicle,lesion_genit_type,[lesion_genit]='1'
1635,lesion_genit_type___Pustule,daily,binary,Pustule,lesion_genit_type,[lesion_genit]='1'
1636,lesion_genit_type___Ulcerated lesions,daily,binary,Ulcerated lesions,lesion_genit_type,[lesion_genit]='1'
1637,lesion_genit_type___Necrotising lesions,daily,binary,Necrotising lesions,lesion_genit_type,[lesion_genit]='1'
1638,lesion_genit_type___Fungating lesions,daily,binary,Fungating lesions,lesion_genit_type,[lesion_genit]='1'
1639,lesion_genit_type___Haemorrhagic lesions,daily,binary,Haemorrhagic lesions,lesion_genit_type,[lesion_genit]='1'
1640,lesion_genit_type___Other,daily,binary,Other,lesion_genit_type,[lesion_genit]='1'
1641,lesion_genit_type_oth,daily,freetext,If other: Specify other type of external genitalia lesions,lesion,[lesion_genit_type(88)]='1'
1642,lesion_genit_num,daily,freetext,Number of external genitalia lesions,lesion,[lesion_genit]='1'
1643,lesion_peri,daily,binary,Are there any perianal lesions?,lesion,[lesion_skinles]='1'
1644,lesion_peri_type,daily,checkbox,Type of perianal lesions,lesion,[lesion_peri]='1'
1645,lesion_peri_type___Vesicle,daily,binary,Vesicle,lesion_peri_type,[lesion_peri]='1'
1646,lesion_peri_type___Pustule,daily,binary,Pustule,lesion_peri_type,[lesion_peri]='1'
1647,lesion_peri_type___Ulcerated lesions,daily,binary,Ulcerated lesions,lesion_peri_type,[lesion_peri]='1'
1648,lesion_peri_type___Necrotising lesions,daily,binary,Necrotising lesions,lesion_peri_type,[lesion_peri]='1'
1649,lesion_peri_type___Fungating lesions,daily,binary,Fungating lesions,lesion_peri_type,[lesion_peri]='1'
1650,lesion_peri_type___Haemorrhagic lesions,daily,binary,Haemorrhagic lesions,lesion_peri_type,[lesion_peri]='1'
1651,lesion_peri_type___Other,daily,binary,Other,lesion_peri_type,[lesion_peri]='1'
1652,lesion_peri_type_oth,daily,freetext,Specify other type of perianal lesions,lesion,[lesion_peri_type(88)]='1'
1653,lesion_peri_num,daily,freetext,Number of perianal lesions,lesion,[lesion_peri]='1'
1654,lesion_mouth,daily,binary,Are there any lesions inside the mouth?,lesion,[lesion_mucos]='1'
1655,lesion_mouth_stat,daily,checkbox,Inside mouth lesion status,lesion,[lesion_mouth]='1'
1656,lesion_mouth_stat___Causing pain,daily,binary,Causing pain,lesion_mouth_stat,[lesion_mouth]='1'
1657,lesion_mouth_stat___Bleeding or Discharge,daily,binary,Bleeding or Discharge,lesion_mouth_stat,[lesion_mouth]='1'
1658,lesion_mouth_stat___Ulceration,daily,binary,Ulceration,lesion_mouth_stat,[lesion_mouth]='1'
1659,lesion_vagin,daily,binary,Are there any lesions in the vaginal canal?,lesion,[lesion_mucos]='1'
1660,lesion_vagin_stat,daily,checkbox,Vaginal canal lesion status,lesion,[lesion_vagin]='1'
1661,lesion_vagin_stat___Causing pain,daily,binary,Causing pain,lesion_vagin_stat,[lesion_vagin]='1'
1662,lesion_vagin_stat___Bleeding or Discharge,daily,binary,Bleeding or Discharge,lesion_vagin_stat,[lesion_vagin]='1'
1663,lesion_vagin_stat___Ulceration,daily,binary,Ulceration,lesion_vagin_stat,[lesion_vagin]='1'
1664,lesion_rectum,daily,binary,Are there any lesions in the rectum?,lesion,[lesion_mucos]='1'
1665,lesion_rectum_stat,daily,checkbox,Rectal lesion status,lesion,[lesion_rectum]='1'
1666,lesion_rectum_stat___Causing pain,daily,binary,Causing pain,lesion_rectum_stat,[lesion_rectum]='1'
1667,lesion_rectum_stat___Bleeding or Discharge,daily,binary,Bleeding or Discharge,lesion_rectum_stat,[lesion_rectum]='1'
1668,lesion_rectum_stat___Ulceration,daily,binary,Ulceration,lesion_rectum_stat,[lesion_rectum]='1'
1669,lesion_rectum_stat___Tenesmus,daily,binary,Tenesmus,lesion_rectum_stat,[lesion_rectum]='1'
1670,lesion_anorec,daily,binary,Ano-rectitis,lesion,[lesion_rectum]='1'
1671,lesion_penis,daily,binary,Are there any lesions on the penis?,lesion,[lesion_mucos]='1'
1672,lesion_penis_stat,daily,checkbox,Penile lesion status,lesion,[lesion_penis]='1'
1673,lesion_penis_stat___Causing pain,daily,binary,Causing pain,lesion_penis_stat,[lesion_penis]='1'
1674,lesion_penis_stat___Bleeding or Discharge,daily,binary,Bleeding or Discharge,lesion_penis_stat,[lesion_penis]='1'
1675,lesion_penis_stat___Ulceration,daily,binary,Ulceration,lesion_penis_stat,[lesion_penis]='1'
1676,lesion_othsite,daily,binary,Other site(s),lesion,[lesion_mucos]='1'
1677,lesion_othsite_spec,daily,freetext,Specify other site(s),lesion,[lesion_othsite]='1'
1678,lesion_othstat,daily,checkbox,Other site(s) lesion status,lesion,[lesion_othsite]='1'
1679,lesion_othstat___Causing pain,daily,binary,Causing pain,lesion_othstat,[lesion_othsite]='1'
1680,lesion_othstat___Bleeding or Discharge,daily,binary,Bleeding or Discharge,lesion_othstat,[lesion_othsite]='1'
1681,lesion_othstat___Ulceration,daily,binary,Ulceration,lesion_othstat,[lesion_othsite]='1'
1682,lesion_24hr,daily,binary,Have new skin or mucosal lesions appeared in the previous 24 hours? (may be best assessed by patients),lesion,[lesion_dailydata]='1'
1683,lesion_sl,daily,categorical,Estimated total number of skin lesions on the body,lesion,[lesion_dailydata]='1'
1684,lesion_sl___None,daily,binary,None,lesion_sl,[lesion_dailydata]='1'
1685,lesion_sl___1,daily,binary,1,lesion_sl,[lesion_dailydata]='1'
1686,lesion_sl___2-5,daily,binary,2-5,lesion_sl,[lesion_dailydata]='1'
1687,lesion_sl___6-9,daily,binary,6-9,lesion_sl,[lesion_dailydata]='1'
1688,lesion_sl___10-24,daily,binary,10-24,lesion_sl,[lesion_dailydata]='1'
1689,lesion_sl___25-49,daily,binary,25-49,lesion_sl,[lesion_dailydata]='1'
1690,lesion_sl___50-99,daily,binary,50-99,lesion_sl,[lesion_dailydata]='1'
1691,lesion_sl___100-250,daily,binary,100-250,lesion_sl,[lesion_dailydata]='1'
1692,lesion_sl___251-1000,daily,binary,251-1000,lesion_sl,[lesion_dailydata]='1'
1693,lesion_sl___>1000,daily,binary,>1000,lesion_sl,[lesion_dailydata]='1'
1694,lesion_ml,daily,categorical,Estimated total number of mucosal lesions on the body,lesion,[lesion_dailydata]='1'
1695,lesion_ml___None,daily,binary,None,lesion_ml,[lesion_dailydata]='1'
1696,lesion_ml___1,daily,binary,1,lesion_ml,[lesion_dailydata]='1'
1697,lesion_ml___2-5,daily,binary,2-5,lesion_ml,[lesion_dailydata]='1'
1698,lesion_ml___6-9,daily,binary,6-9,lesion_ml,[lesion_dailydata]='1'
1699,lesion_ml___10-24,daily,binary,10-24,lesion_ml,[lesion_dailydata]='1'
1700,lesion_ml___25-49,daily,binary,25-49,lesion_ml,[lesion_dailydata]='1'
1701,lesion_ml___50-99,daily,binary,50-99,lesion_ml,[lesion_dailydata]='1'
1702,lesion_ml___100-250,daily,binary,100-250,lesion_ml,[lesion_dailydata]='1'
1703,lesion_ml___251-1000,daily,binary,251-1000,lesion_ml,[lesion_dailydata]='1'
1704,lesion_ml___>1000,daily,binary,>1000,lesion_ml,[lesion_dailydata]='1'
1705,lesion_slpain,daily,binary,Pain at any skin lesion site(s),lesion,[lesion_dailydata]='1'
1706,lesion_slpain_score,daily,numeric,"Maximal pain score, where 0 means ""no pain"", and 10 means ""the worst possible pain.""",lesion,[lesion_slpain]='1'
1707,lesion_mlpain,daily,binary,Pain at any mucosal lesion site(s),lesion,[lesion_dailydata]='1'
1708,lesion_mlpain_score,daily,numeric,"Maximal pain score, where 0 means ""no pain"", and 10 means ""the worst possible pain.""",lesion,[lesion_mlpain]='1'
1709,lesion_desc,daily,freetext,Describe any other lesion complication(s),lesion,[lesion_dailydata]='1'
1710,treat,daily,section,RESPIRATORY SUPPORT,,
1711,treat_o2supp,daily,binary,Supplemental oxygen,treat,
1712,treat_nasalprongs,daily,binary,Nasal prongs,treat,[treat_o2supp] = '1'
1713,treat_facemask,daily,binary,Face mask,treat,[treat_o2supp] = '1'
1714,treat_hfno,daily,binary,High flow nasal oxygen,treat,[treat_o2supp] = '1'
1715,treat_niv,daily,binary,Non-invasive ventilation,treat,[treat_o2supp] = '1'
1716,treat_niv_type,daily,categorical,Type of non-invasive ventilation,treat,[treat_niv]='1'
1717,treat_niv_type___CPAP,daily,binary,CPAP,treat_niv_type,[treat_niv]='1'
1718,treat_niv_type___BIPAP,daily,binary,BIPAP,treat_niv_type,[treat_niv]='1'
1719,treat_niv_type___Other,daily,binary,Other,treat_niv_type,[treat_niv]='1'
1720,treat_niv_type_oth,daily,freetext,Specify other type of non-invasive ventilation,treat,[treat_niv_type]='88'
1721,treat_imv,daily,binary,Invasive ventilation,treat,[treat_o2supp] = '1'
1722,treat_ecmo,daily,binary,ECLS / ECMO,treat,[treat_o2supp] = '1'
1723,treat_ecmo_type,daily,categorical,Type of ECLS / ECMO,treat,[treat_ecmo]='1'
1724,treat_ecmo_type___Veno-venous (VV),daily,binary,Veno-venous (VV),treat_ecmo_type,[treat_ecmo]='1'
1725,treat_ecmo_type___Veno-arterial (VA),daily,binary,Veno-arterial (VA),treat_ecmo_type,[treat_ecmo]='1'
1726,treat_prone,daily,binary,Prone positioning,treat,
1727,treat_prone_when,daily,categorical,When was the prone positioning?,treat,[treat_prone] = '1'
1728,treat_prone_when___During invasive ventilation,daily,binary,During invasive ventilation,treat_prone_when,[treat_prone] = '1'
1729,treat_prone_when___Whilst self-ventilating,daily,binary,Whilst self-ventilating,treat_prone_when,[treat_prone] = '1'
1730,treat_pao2yn,daily,categorical,PaO2 sample type,treat,
1731,treat_pao2yn___Arterial,daily,binary,Arterial,treat_pao2yn,
1732,treat_pao2yn___Capillary,daily,binary,Capillary,treat_pao2yn,
1733,treat_pao2yn___Venous,daily,binary,Venous,treat_pao2yn,
1734,treat_pao2yn___Not done,daily,binary,Not done,treat_pao2yn,
1735,treat_pao2,daily,numeric,PaO2 ,treat,[treat_pao2yn] = '1' or [treat_pao2yn] = '2' or [treat_pao2yn] = '3'
1736,treat_pao2_units,daily,units,Select PaO2 units,treat,[treat_pao2yn] = '1' or [treat_pao2yn] = '2' or [treat_pao2yn] = '3'
1737,treat_pao2_units___kPa,daily,binary,kPa,treat_pao2_units,[treat_pao2yn] = '1' or [treat_pao2yn] = '2' or [treat_pao2yn] = '3'
1738,treat_pao2_units___mmHg,daily,binary,mmHg,treat_pao2_units,[treat_pao2yn] = '1' or [treat_pao2yn] = '2' or [treat_pao2yn] = '3'
1739,treat_highfio,daily,numeric,FiO2 at time of PaO2 ,treat,[treat_pao2yn] = '1' or [treat_pao2yn] = '2' or [treat_pao2yn] = '3'
1740,treat_highfio_units,daily,units,Select FiO2 at time of PaO2 units,treat,[treat_pao2yn] = '1' or [treat_pao2yn] = '2' or [treat_pao2yn] = '3'
1741,"treat_highfio_units___Fraction, 0.21-1.0",daily,binary,"Fraction, 0.21-1.0",treat_highfio_units,[treat_pao2yn] = '1' or [treat_pao2yn] = '2' or [treat_pao2yn] = '3'
1742,"treat_highfio_units___%, 21-100",daily,binary,"%, 21-100",treat_highfio_units,[treat_pao2yn] = '1' or [treat_pao2yn] = '2' or [treat_pao2yn] = '3'
1743,treat_o2supp_oth,daily,binary,Other respiratory support intervention(s) or procedure(s),treat,
1744,treat_o2supp_oth_spec,daily,freetext,Please specify other respiratory support intervention(s) or procedure(s),treat,[treat_o2supp_oth] = '1'
1745,critd,daily,section,ADVANCED CARE INTERVENTIONS,,
1746,critd_critcare,daily,binary,Were advanced care (including acute organ support and critical care) therapeutic interventions administered on this date?,critd,
1747,critd_icu,daily,binary,ICU / ITU / HDU / Intermediate Care Unit admission,critd,[critd_critcare]='1'
1748,critd_neuromusc,daily,binary,Neuromuscular blocking agents,critd,[critd_critcare]='1'
1749,critd_nitricoxide,daily,binary,Inhaled nitric oxide,critd,[critd_critcare]='1'
1750,critd_tracheostmy,daily,binary,Tracheostomy inserted,critd,[critd_critcare]='1'
1751,critd_rtt,daily,binary,Renal replacement therapy (RRT) or dialysis / hemofiltration,critd,[critd_critcare]='1'
1752,critd_rtt_typ,daily,categorical,Type of renal replacement therapy (RRT) or dialysis / hemofiltration,critd,[critd_rtt]='1'
1753,critd_rtt_typ___Intermittent,daily,binary,Intermittent,critd_rtt_typ,[critd_rtt]='1'
1754,critd_rtt_typ___Continuous,daily,binary,Continuous,critd_rtt_typ,[critd_rtt]='1'
1755,critd_vasopress,daily,binary,Any vasopressor / inotropic support,critd,[critd_critcare]='1'
1756,labs,daily,section,LABORATORY RESULTS,,
1757,labs_dailydata,daily,binary,Enter Laboratory Results data for this date?,labs,
1758,labs_fbc,daily,freetext,Full blood count,labs,[labs_dailydata]='1'
1759,labs_haemo,daily,numeric,Haemoglobin ,labs,[labs_dailydata]='1'
1760,labs_haemo_units,daily,units,Select Haemoglobin units,labs,[labs_dailydata]='1'
1761,labs_haemo_units___g/dL,daily,binary,g/dL,labs_haemo_units,[labs_dailydata]='1'
1762,labs_haemo_units___g/L,daily,binary,g/L,labs_haemo_units,[labs_dailydata]='1'
1763,labs_wbccount,daily,numeric,White blood cell / WBC count (10^9/L),labs,[labs_dailydata]='1'
1764,labs_neutrophil,daily,numeric,Neutrophils ,labs,[labs_dailydata]='1'
1765,labs_neutrophil_units,daily,units,Select Neutrophils units,labs,[labs_dailydata]='1'
1766,labs_neutrophil_units___10^9/L,daily,binary,10^9/L,labs_neutrophil_units,[labs_dailydata]='1'
1767,labs_neutrophil_units___%,daily,binary,%,labs_neutrophil_units,[labs_dailydata]='1'
1768,labs_lymphocyte,daily,numeric,Lymphocytes ,labs,[labs_dailydata]='1'
1769,labs_lymphocyte_units,daily,units,Select Lymphocytes units,labs,[labs_dailydata]='1'
1770,labs_lymphocyte_units___10^9/L,daily,binary,10^9/L,labs_lymphocyte_units,[labs_dailydata]='1'
1771,labs_lymphocyte_units___%,daily,binary,%,labs_lymphocyte_units,[labs_dailydata]='1'
1772,labs_eosinophil,daily,numeric,Eosinophils ,labs,[labs_dailydata]='1'
1773,labs_eosinophil_units,daily,units,Select Eosinophils units,labs,[labs_dailydata]='1'
1774,labs_eosinophil_units___10^9/L,daily,binary,10^9/L,labs_eosinophil_units,[labs_dailydata]='1'
1775,labs_eosinophil_units___%,daily,binary,%,labs_eosinophil_units,[labs_dailydata]='1'
1776,labs_hematocrit,daily,numeric,Haematocrit ,labs,[labs_dailydata]='1'
1777,labs_hematocrit_units,daily,units,Select Haematocrit units,labs,[labs_dailydata]='1'
1778,labs_hematocrit_units___%,daily,binary,%,labs_hematocrit_units,[labs_dailydata]='1'
1779,labs_hematocrit_units___L/L,daily,binary,L/L,labs_hematocrit_units,[labs_dailydata]='1'
1780,labs_platelets,daily,numeric,Platelets ,labs,[labs_dailydata]='1'
1781,labs_platelets_units,daily,units,Select Platelets units,labs,[labs_dailydata]='1'
1782,labs_platelets_units___10^9/L,daily,binary,10^9/L,labs_platelets_units,[labs_dailydata]='1'
1783,labs_platelets_units___10^3/µL,daily,binary,10^3/µL,labs_platelets_units,[labs_dailydata]='1'
1784,labs_coag,daily,freetext,Coagulation profile,labs,[labs_dailydata]='1'
1785,labs_tqinr,daily,numeric,International Normalized Ratio / INR,labs,[labs_dailydata]='1'
1786,labs_liver,daily,freetext,Liver profile,labs,[labs_dailydata]='1'
1787,labs_bilirubin,daily,numeric,Total bilirubin ,labs,[labs_dailydata]='1'
1788,labs_bilirubin_units,daily,units,Select Total bilirubin units,labs,[labs_dailydata]='1'
1789,labs_bilirubin_units___µmol/L,daily,binary,µmol/L,labs_bilirubin_units,[labs_dailydata]='1'
1790,labs_bilirubin_units___mg/dL,daily,binary,mg/dL,labs_bilirubin_units,[labs_dailydata]='1'
1791,labs_altsgpt,daily,numeric,Alanine aminotransferase / ALT / SGPT (U/L),labs,[labs_dailydata]='1'
1792,labs_alp,daily,numeric,Alkaline phosphatase / ALP (IU/L),labs,[labs_dailydata]='1'
1793,labs_astsgot,daily,numeric,Aspartate aminotransferase / AST / SGOT (U/L),labs,[labs_dailydata]='1'
1794,labs_ggt,daily,numeric,Gamma Glutamyl Transferase / GGT (U/L),labs,[labs_dailydata]='1'
1795,labs_albumin,daily,numeric,Albumin ,labs,[labs_dailydata]='1'
1796,labs_albumin_units,daily,units,Select Albumin units,labs,[labs_dailydata]='1'
1797,labs_albumin_units___g/L,daily,binary,g/L,labs_albumin_units,[labs_dailydata]='1'
1798,labs_albumin_units___mmol/L,daily,binary,mmol/L,labs_albumin_units,[labs_dailydata]='1'
1799,labs_bloodglucose,daily,freetext,Blood glucose,labs,[labs_dailydata]='1'
1800,labs_glucose,daily,numeric,Random blood glucose ,labs,[labs_dailydata]='1'
1801,labs_glucose_units,daily,units,Select Random blood glucose units,labs,[labs_dailydata]='1'
1802,labs_glucose_units___mmol/L,daily,binary,mmol/L,labs_glucose_units,[labs_dailydata]='1'
1803,labs_glucose_units___mg/dL,daily,binary,mg/dL,labs_glucose_units,[labs_dailydata]='1'
1804,labs_glucose_units___g/L,daily,binary,g/L,labs_glucose_units,[labs_dailydata]='1'
1805,labs_hba1c,daily,numeric,HbA1C (%),labs,[labs_dailydata]='1'
1806,labs_renal,daily,freetext,Renal and electrolyte profile,labs,[labs_dailydata]='1'
1807,labs_ureanitro,daily,numeric,Blood Urea Nitrogen / BUN ,labs,[labs_dailydata]='1'
1808,labs_ureanitro_units,daily,units,Select Blood Urea Nitrogen / BUN units,labs,[labs_dailydata]='1'
1809,labs_ureanitro_units___mmol/L,daily,binary,mmol/L,labs_ureanitro_units,[labs_dailydata]='1'
1810,labs_ureanitro_units___mg/dL,daily,binary,mg/dL,labs_ureanitro_units,[labs_dailydata]='1'
1811,labs_creatinine,daily,numeric,Creatinine ,labs,[labs_dailydata]='1'
1812,labs_creatinine_units,daily,units,Select Creatinine units,labs,[labs_dailydata]='1'
1813,labs_creatinine_units___µmol/L,daily,binary,µmol/L,labs_creatinine_units,[labs_dailydata]='1'
1814,labs_creatinine_units___mg/dL,daily,binary,mg/dL,labs_creatinine_units,[labs_dailydata]='1'
1815,labs_sodium,daily,numeric,Sodium (mmol/L or mEq/L),labs,[labs_dailydata]='1'
1816,labs_potassium,daily,numeric,Potassium (mmol/L or mEq/L),labs,[labs_dailydata]='1'
1817,labs_creatineki,daily,numeric,Creatine kinase (U/L),labs,[labs_dailydata]='1'
1818,labs_ldh,daily,numeric,Lactate dehydrogenase / LDH (U/L),labs,[labs_dailydata]='1'
1819,labs_glomerular,daily,numeric,Estimated glomerular filtration rate / eGFR (mL/min/1.73m^2),labs,[labs_dailydata]='1'
1820,labs_calcium,daily,numeric,Calcium ,labs,[labs_dailydata]='1'
1821,labs_calcium_units,daily,units,Select Calcium units,labs,[labs_dailydata]='1'
1822,labs_calcium_units___mmol/L,daily,binary,mmol/L,labs_calcium_units,[labs_dailydata]='1'
1823,labs_calcium_units___mEq/L,daily,binary,mEq/L,labs_calcium_units,[labs_dailydata]='1'
1824,labs_calcium_units___mg/dL,daily,binary,mg/dL,labs_calcium_units,[labs_dailydata]='1'
1825,labs_inflammatory,daily,freetext,Inflammatory markers,labs,[labs_dailydata]='1'
1826,labs_crp,daily,numeric,C-reactive protein / CRP ,labs,[labs_dailydata]='1'
1827,labs_crp_units,daily,units,Select C-reactive protein / CRP units,labs,[labs_dailydata]='1'
1828,labs_crp_units___mg/L,daily,binary,mg/L,labs_crp_units,[labs_dailydata]='1'
1829,labs_crp_units___mg/dL,daily,binary,mg/dL,labs_crp_units,[labs_dailydata]='1'
1830,labs_esr,daily,numeric,Erythrocyte sedimentation rate / ESR (mm/h),labs,[labs_dailydata]='1'
1831,labs_bloodgas,daily,freetext,Blood gas testing,labs,[labs_dailydata]='1'
1832,labs_bloodgas_type,daily,categorical,Blood gas specimen type,labs,[labs_dailydata]='1'
1833,labs_bloodgas_type___Arterial,daily,binary,Arterial,labs_bloodgas_type,[labs_dailydata]='1'
1834,labs_bloodgas_type___Capillary,daily,binary,Capillary,labs_bloodgas_type,[labs_dailydata]='1'
1835,labs_bloodgas_type___Venous,daily,binary,Venous,labs_bloodgas_type,[labs_dailydata]='1'
1836,labs_lactate,daily,numeric,Lactate ,labs,[labs_dailydata]='1'
1837,labs_lactate_units,daily,units,Select Lactate units,labs,[labs_dailydata]='1'
1838,labs_lactate_units___mmol/L,daily,binary,mmol/L,labs_lactate_units,[labs_dailydata]='1'
1839,labs_lactate_units___mg/dL,daily,binary,mg/dL,labs_lactate_units,[labs_dailydata]='1'
1840,labs_other,daily,freetext,Other blood testing,labs,[labs_dailydata]='1'
1841,labs_cd4,daily,numeric,CD4 cell count ,labs,[labs_dailydata]='1'
1842,labs_cd4_units,daily,units,Select CD4 cell count units,labs,[labs_dailydata]='1'
1843,labs_cd4_units___cells/mm3,daily,binary,cells/mm3,labs_cd4_units,[labs_dailydata]='1'
1844,labs_cd4_units___10^6 cells/L,daily,binary,10^6 cells/L,labs_cd4_units,[labs_dailydata]='1'
1845,labs_cd4_units___cells/µL,daily,binary,cells/µL,labs_cd4_units,[labs_dailydata]='1'
1846,labs_preg,daily,categorical,Pregnancy test,labs,[labs_dailydata]='1' and [demog_sex]='2'
1847,labs_preg___Positive,daily,binary,Positive,labs_preg,[labs_dailydata]='1' and [demog_sex]='2'
1848,labs_preg___Negative,daily,binary,Negative,labs_preg,[labs_dailydata]='1' and [demog_sex]='2'
1849,labs_protein,daily,numeric,Total protein / TP ,labs,[labs_dailydata]='1'
1850,labs_protein_units,daily,units,Select Total protein / TP units,labs,[labs_dailydata]='1'
1851,labs_protein_units___g/dL,daily,binary,g/dL,labs_protein_units,[labs_dailydata]='1'
1852,labs_protein_units___g/L,daily,binary,g/L,labs_protein_units,[labs_dailydata]='1'
1853,imagi,daily,section,IMAGING,,
1854,imagi_dailydata,daily,binary,Enter Imaging data for this date?,imagi,
1855,imagi_xray,daily,binary,Chest X-ray performed,imagi,[imagi_dailydata]='1'
1856,imagi_xray_result,daily,categorical,Chest X-ray findings associated with this illness.,imagi,[imagi_xray] = '1'
1857,imagi_xray_result___Normal or no acute change,daily,binary,Normal or no acute change,imagi_xray_result,[imagi_xray] = '1'
1858,imagi_xray_result___Abnormal or acute change,daily,binary,Abnormal or acute change,imagi_xray_result,[imagi_xray] = '1'
1859,medi,medication,section,MEDICATION,,
1860,medi_medtype,medication,categorical,Select agents administered while hospitalised or at discharge (one form per medication),medi,
1861,medi_medtype___Analgesic,medication,binary,Analgesic,medi_medtype,
1862,medi_medtype___Antibiotic,medication,binary,Antibiotic,medi_medtype,
1863,medi_medtype___Antifungal,medication,binary,Antifungal,medi_medtype,
1864,medi_medtype___Antipruritic,medication,binary,Antipruritic,medi_medtype,
1865,medi_medtype___Antiviral,medication,binary,Antiviral,medi_medtype,
1866,medi_medtype___Corticosteroid,medication,binary,Corticosteroid,medi_medtype,
1867,medi_medtype___Topical antibiotic,medication,binary,Topical antibiotic,medi_medtype,
1868,medi_medtype___Other,medication,binary,Other,medi_medtype,
1869,medi_medtype_otherl2,medication,categorical,Select other agents administered while hospitalised or at discharge,medi,[medi_medtype]='88'
1870,medi_medtype_otherl2___Anticoagulant,medication,binary,Anticoagulant,medi_medtype_otherl2,[medi_medtype]='88'
1871,medi_medtype_otherl2___Antihistamine,medication,binary,Antihistamine,medi_medtype_otherl2,[medi_medtype]='88'
1872,medi_medtype_otherl2___Antiprotozoal,medication,binary,Antiprotozoal,medi_medtype_otherl2,[medi_medtype]='88'
1873,medi_medtype_otherl2___Convalescent plasma,medication,binary,Convalescent plasma,medi_medtype_otherl2,[medi_medtype]='88'
1874,medi_medtype_otherl2___Diuretics,medication,binary,Diuretics,medi_medtype_otherl2,[medi_medtype]='88'
1875,medi_medtype_otherl2___Immunomodulator,medication,binary,Immunomodulator,medi_medtype_otherl2,[medi_medtype]='88'
1876,medi_medtype_otherl2___Immunosuppressive drugs (non-steroid),medication,binary,Immunosuppressive drugs (non-steroid),medi_medtype_otherl2,[medi_medtype]='88'
1877,medi_medtype_otherl2___Inotropes / vasopressor,medication,binary,Inotropes / vasopressor,medi_medtype_otherl2,[medi_medtype]='88'
1878,medi_medtype_otherl2___Intravenous immunoglobulin,medication,binary,Intravenous immunoglobulin,medi_medtype_otherl2,[medi_medtype]='88'
1879,medi_medtype_otherl2___Other,medication,binary,Other,medi_medtype_otherl2,[medi_medtype]='88'
1880,medi_medtype_otherl3,medication,freetext,Specify other agents administered while hospitalised or at discharge,medi,[medi_medtype_otherl2]='88'
1881,medi_treat,medication,binary,Is this medication treating the disease?,medi,
1882,medi_antiviralagent,medication,categorical,Antiviral,medi,[medi_medtype] = '8'
1883,medi_antiviralagent___Brincidofovir,medication,binary,Brincidofovir,medi_antiviralagent,[medi_medtype] = '8'
1884,medi_antiviralagent___Cidofovir (Vistide),medication,binary,Cidofovir (Vistide),medi_antiviralagent,[medi_medtype] = '8'
1885,medi_antiviralagent___Tecovirimat,medication,binary,Tecovirimat,medi_antiviralagent,[medi_medtype] = '8'
1886,medi_antiviralagent___Other,medication,binary,Other,medi_antiviralagent,[medi_medtype] = '8'
1887,medi_antiviralagent_otherl2,medication,categorical,Select Antiviral,medi,[medi_antiviralagent]='88'
1888,"medi_antiviralagent_otherl2___Aciclovir (Acyclovir, Zovirax)",medication,binary,"Aciclovir (Acyclovir, Zovirax)",medi_antiviralagent_otherl2,[medi_antiviralagent]='88'
1889,"medi_antiviralagent_otherl2___Amantadine (Gocovri, Osmolex ER, Symmetrel)",medication,binary,"Amantadine (Gocovri, Osmolex ER, Symmetrel)",medi_antiviralagent_otherl2,[medi_antiviralagent]='88'
1890,medi_antiviralagent_otherl2___Atazanavir (Reyataz),medication,binary,Atazanavir (Reyataz),medi_antiviralagent_otherl2,[medi_antiviralagent]='88'
1891,medi_antiviralagent_otherl2___Baloxavir marboxil (Xofluza)â,medication,binary,Baloxavir marboxil (Xofluza)â,medi_antiviralagent_otherl2,[medi_antiviralagent]='88'
1892,medi_antiviralagent_otherl2___Bulevirtide (Hepcludex),medication,binary,Bulevirtide (Hepcludex),medi_antiviralagent_otherl2,[medi_antiviralagent]='88'
1893,medi_antiviralagent_otherl2___Darunavir (Prezista),medication,binary,Darunavir (Prezista),medi_antiviralagent_otherl2,[medi_antiviralagent]='88'
1894,medi_antiviralagent_otherl2___Dolutegravir (Tivicay),medication,binary,Dolutegravir (Tivicay),medi_antiviralagent_otherl2,[medi_antiviralagent]='88'
1895,medi_antiviralagent_otherl2___Efavirenz (Sustiva),medication,binary,Efavirenz (Sustiva),medi_antiviralagent_otherl2,[medi_antiviralagent]='88'
1896,medi_antiviralagent_otherl2___Emtricitabine (Emtriva),medication,binary,Emtricitabine (Emtriva),medi_antiviralagent_otherl2,[medi_antiviralagent]='88'
1897,medi_antiviralagent_otherl2___Famciclovir (Famvir),medication,binary,Famciclovir (Famvir),medi_antiviralagent_otherl2,[medi_antiviralagent]='88'
1898,medi_antiviralagent_otherl2___Favipiravir (Avigan),medication,binary,Favipiravir (Avigan),medi_antiviralagent_otherl2,[medi_antiviralagent]='88'
1899,medi_antiviralagent_otherl2___Fluoxetine,medication,binary,Fluoxetine,medi_antiviralagent_otherl2,[medi_antiviralagent]='88'
1900,medi_antiviralagent_otherl2___Ganciclovir (Cytovene),medication,binary,Ganciclovir (Cytovene),medi_antiviralagent_otherl2,[medi_antiviralagent]='88'
1901,"medi_antiviralagent_otherl2___Lamivudine (Epivir, 3TC)",medication,binary,"Lamivudine (Epivir, 3TC)",medi_antiviralagent_otherl2,[medi_antiviralagent]='88'
1902,medi_antiviralagent_otherl2___Laninamivir,medication,binary,Laninamivir,medi_antiviralagent_otherl2,[medi_antiviralagent]='88'
1903,medi_antiviralagent_otherl2___Lopinavir/Ritonavir (Kaletra),medication,binary,Lopinavir/Ritonavir (Kaletra),medi_antiviralagent_otherl2,[medi_antiviralagent]='88'
1904,medi_antiviralagent_otherl2___Molnupiravir (Lagevrio),medication,binary,Molnupiravir (Lagevrio),medi_antiviralagent_otherl2,[medi_antiviralagent]='88'
1905,medi_antiviralagent_otherl2___Nirmatrelvir/Retonavir (Paxlovid),medication,binary,Nirmatrelvir/Retonavir (Paxlovid),medi_antiviralagent_otherl2,[medi_antiviralagent]='88'
1906,medi_antiviralagent_otherl2___Oseltamivir (Tamiflu),medication,binary,Oseltamivir (Tamiflu),medi_antiviralagent_otherl2,[medi_antiviralagent]='88'
1907,medi_antiviralagent_otherl2___Penciclovir (Denavir),medication,binary,Penciclovir (Denavir),medi_antiviralagent_otherl2,[medi_antiviralagent]='88'
1908,medi_antiviralagent_otherl2___Pleconaril,medication,binary,Pleconaril,medi_antiviralagent_otherl2,[medi_antiviralagent]='88'
1909,medi_antiviralagent_otherl2___Pocapavir,medication,binary,Pocapavir,medi_antiviralagent_otherl2,[medi_antiviralagent]='88'
1910,medi_antiviralagent_otherl2___Remdesivir (Veklury),medication,binary,Remdesivir (Veklury),medi_antiviralagent_otherl2,[medi_antiviralagent]='88'
1911,medi_antiviralagent_otherl2___Rimantadine (Flumadine),medication,binary,Rimantadine (Flumadine),medi_antiviralagent_otherl2,[medi_antiviralagent]='88'
1912,medi_antiviralagent_otherl2___Tenofovir Disoproxil (Viread),medication,binary,Tenofovir Disoproxil (Viread),medi_antiviralagent_otherl2,[medi_antiviralagent]='88'
1913,medi_antiviralagent_otherl2___Tenofovir alafenamide,medication,binary,Tenofovir alafenamide,medi_antiviralagent_otherl2,[medi_antiviralagent]='88'
1914,medi_antiviralagent_otherl2___Umifenovir (Arbidol),medication,binary,Umifenovir (Arbidol),medi_antiviralagent_otherl2,[medi_antiviralagent]='88'
1915,medi_antiviralagent_otherl2___Valaciclovir (Valtrex),medication,binary,Valaciclovir (Valtrex),medi_antiviralagent_otherl2,[medi_antiviralagent]='88'
1916,medi_antiviralagent_otherl2___Valganciclovir (Valcyte),medication,binary,Valganciclovir (Valcyte),medi_antiviralagent_otherl2,[medi_antiviralagent]='88'
1917,medi_antiviralagent_otherl2___Zalcitabine,medication,binary,Zalcitabine,medi_antiviralagent_otherl2,[medi_antiviralagent]='88'
1918,medi_antiviralagent_otherl2___Zanamivir (Relenza),medication,binary,Zanamivir (Relenza),medi_antiviralagent_otherl2,[medi_antiviralagent]='88'
1919,"medi_antiviralagent_otherl2___Zidovudine (Retrovir, AZT)",medication,binary,"Zidovudine (Retrovir, AZT)",medi_antiviralagent_otherl2,[medi_antiviralagent]='88'
1920,medi_antiviralagent_otherl2___Other,medication,binary,Other,medi_antiviralagent_otherl2,[medi_antiviralagent]='88'
1921,medi_antiviralagent_otherl3,medication,freetext,Specify other Antiviral,medi,[medi_antiviralagent_otherl2]='88'
1922,medi_antibioagent,medication,categorical,Antibiotic,medi,[medi_medtype]='2'
1923,"medi_antibioagent___Azithromycin (Sumamed, Zithromax, Zmax)",medication,binary,"Azithromycin (Sumamed, Zithromax, Zmax)",medi_antibioagent,[medi_medtype]='2'
1924,"medi_antibioagent___Doxycycline (Vibramycin, Oracea, Monodox)",medication,binary,"Doxycycline (Vibramycin, Oracea, Monodox)",medi_antibioagent,[medi_medtype]='2'
1925,medi_antibioagent___Other,medication,binary,Other,medi_antibioagent,[medi_medtype]='2'
1926,medi_antibioagent_otherl2,medication,categorical,Select Antibiotic,medi,[medi_antibioagent]='88'
1927,"medi_antibioagent_otherl2___Amoxicillin (Amoxil, Moxatag, Trimox)",medication,binary,"Amoxicillin (Amoxil, Moxatag, Trimox)",medi_antibioagent_otherl2,[medi_antibioagent]='88'
1928,"medi_antibioagent_otherl2___Amoxicillin/Beta-lactamase inhibitor (Amoxicillin/Clavulanate, Amoxicillin and clavulanic acid, Augmentin,  Amoxyclav, Co-amoxiclav)",medication,binary,"Amoxicillin/Beta-lactamase inhibitor (Amoxicillin/Clavulanate, Amoxicillin and clavulanic acid, Augmentin,  Amoxyclav, Co-amoxiclav)",medi_antibioagent_otherl2,[medi_antibioagent]='88'
1929,medi_antibioagent_otherl2___Ampicillin (Polyflex),medication,binary,Ampicillin (Polyflex),medi_antibioagent_otherl2,[medi_antibioagent]='88'
1930,"medi_antibioagent_otherl2___Aztreonam (Azactam, Cayston, Primbactam)",medication,binary,"Aztreonam (Azactam, Cayston, Primbactam)",medi_antibioagent_otherl2,[medi_antibioagent]='88'
1931,medi_antibioagent_otherl2___Bacitracin (Baciguent),medication,binary,Bacitracin (Baciguent),medi_antibioagent_otherl2,[medi_antibioagent]='88'
1932,"medi_antibioagent_otherl2___Benzylpenicillin (Penicillin G, Bactracillin G, )",medication,binary,"Benzylpenicillin (Penicillin G, Bactracillin G, )",medi_antibioagent_otherl2,[medi_antibioagent]='88'
1933,"medi_antibioagent_otherl2___Carbenicillin indanyl sodium (Anabactyl, Carbapen, Carindacillin, Pyopen)",medication,binary,"Carbenicillin indanyl sodium (Anabactyl, Carbapen, Carindacillin, Pyopen)",medi_antibioagent_otherl2,[medi_antibioagent]='88'
1934,medi_antibioagent_otherl2___Caspofungin (Cancidas),medication,binary,Caspofungin (Cancidas),medi_antibioagent_otherl2,[medi_antibioagent]='88'
1935,medi_antibioagent_otherl2___Cefadroxil (Duricef),medication,binary,Cefadroxil (Duricef),medi_antibioagent_otherl2,[medi_antibioagent]='88'
1936,"medi_antibioagent_otherl2___Cefalexin (Cephalexin, Keflex, Daxbia)",medication,binary,"Cefalexin (Cephalexin, Keflex, Daxbia)",medi_antibioagent_otherl2,[medi_antibioagent]='88'
1937,"medi_antibioagent_otherl2___Cefazolin (Ancef, Kefzol)",medication,binary,"Cefazolin (Ancef, Kefzol)",medi_antibioagent_otherl2,[medi_antibioagent]='88'
1938,"medi_antibioagent_otherl2___Cefdinir (Cefzon, Omnicef)",medication,binary,"Cefdinir (Cefzon, Omnicef)",medi_antibioagent_otherl2,[medi_antibioagent]='88'
1939,medi_antibioagent_otherl2___Cefditoren (Spectracef),medication,binary,Cefditoren (Spectracef),medi_antibioagent_otherl2,[medi_antibioagent]='88'
1940,medi_antibioagent_otherl2___Cefixime (Suprax),medication,binary,Cefixime (Suprax),medi_antibioagent_otherl2,[medi_antibioagent]='88'
1941,medi_antibioagent_otherl2___Cefmetazole (Zefazone),medication,binary,Cefmetazole (Zefazone),medi_antibioagent_otherl2,[medi_antibioagent]='88'
1942,medi_antibioagent_otherl2___Cefoperazone (Cefobid),medication,binary,Cefoperazone (Cefobid),medi_antibioagent_otherl2,[medi_antibioagent]='88'
1943,medi_antibioagent_otherl2___Cefotaxime (Claforan),medication,binary,Cefotaxime (Claforan),medi_antibioagent_otherl2,[medi_antibioagent]='88'
1944,"medi_antibioagent_otherl2___Cefoxitin (Mefoxin, Renoxitin)",medication,binary,"Cefoxitin (Mefoxin, Renoxitin)",medi_antibioagent_otherl2,[medi_antibioagent]='88'
1945,medi_antibioagent_otherl2___Cefpodoxime Proxetil (Vantin),medication,binary,Cefpodoxime Proxetil (Vantin),medi_antibioagent_otherl2,[medi_antibioagent]='88'
1946,"medi_antibioagent_otherl2___Cefprozil (Cefproxil, Cefproz, Cefzil)",medication,binary,"Cefprozil (Cefproxil, Cefproz, Cefzil)",medi_antibioagent_otherl2,[medi_antibioagent]='88'
1947,"medi_antibioagent_otherl2___Ceftaroline Fosamil (Teflaro, Zinforo)",medication,binary,"Ceftaroline Fosamil (Teflaro, Zinforo)",medi_antibioagent_otherl2,[medi_antibioagent]='88'
1948,"medi_antibioagent_otherl2___Ceftazidime/beta-lactamase inhibitor (ceftazidime/avibactam, Avycaz, Zavicefta)",medication,binary,"Ceftazidime/beta-lactamase inhibitor (ceftazidime/avibactam, Avycaz, Zavicefta)",medi_antibioagent_otherl2,[medi_antibioagent]='88'
1949,medi_antibioagent_otherl2___Ceftibuten (Cedax),medication,binary,Ceftibuten (Cedax),medi_antibioagent_otherl2,[medi_antibioagent]='88'
1950,"medi_antibioagent_otherl2___Ceftriaxone (Rocephin, Wintriaxone)",medication,binary,"Ceftriaxone (Rocephin, Wintriaxone)",medi_antibioagent_otherl2,[medi_antibioagent]='88'
1951,"medi_antibioagent_otherl2___Cefuroxime (Ceftin, Zinacef)",medication,binary,"Cefuroxime (Ceftin, Zinacef)",medi_antibioagent_otherl2,[medi_antibioagent]='88'
1952,"medi_antibioagent_otherl2___Cephapirin (Cefapirin,",medication,binary,"Cephapirin (Cefapirin,",medi_antibioagent_otherl2,[medi_antibioagent]='88'
1953,"medi_antibioagent_otherl2___Chloramphenicol (Chloromycetin, Viceton)",medication,binary,"Chloramphenicol (Chloromycetin, Viceton)",medi_antibioagent_otherl2,[medi_antibioagent]='88'
1954,medi_antibioagent_otherl2___Cinoxacin (Cinobac),medication,binary,Cinoxacin (Cinobac),medi_antibioagent_otherl2,[medi_antibioagent]='88'
1955,"medi_antibioagent_otherl2___Clindamycin (Cleocin, Dalacin)",medication,binary,"Clindamycin (Cleocin, Dalacin)",medi_antibioagent_otherl2,[medi_antibioagent]='88'
1956,"medi_antibioagent_otherl2___Cloxacillin (Tegopen, Cloxapen)",medication,binary,"Cloxacillin (Tegopen, Cloxapen)",medi_antibioagent_otherl2,[medi_antibioagent]='88'
1957,"medi_antibioagent_otherl2___Colistin (Colistimethate, Coly Mycin M, Colobreathe, Xylistin)",medication,binary,"Colistin (Colistimethate, Coly Mycin M, Colobreathe, Xylistin)",medi_antibioagent_otherl2,[medi_antibioagent]='88'
1958,"medi_antibioagent_otherl2___Daptomycin (Dapzura, Cubicin)",medication,binary,"Daptomycin (Dapzura, Cubicin)",medi_antibioagent_otherl2,[medi_antibioagent]='88'
1959,medi_antibioagent_otherl2___Dirithromycin (Dynabac),medication,binary,Dirithromycin (Dynabac),medi_antibioagent_otherl2,[medi_antibioagent]='88'
1960,medi_antibioagent_otherl2___Enoxacin,medication,binary,Enoxacin,medi_antibioagent_otherl2,[medi_antibioagent]='88'
1961,medi_antibioagent_otherl2___Ertapenem (Invanz),medication,binary,Ertapenem (Invanz),medi_antibioagent_otherl2,[medi_antibioagent]='88'
1962,"medi_antibioagent_otherl2___Flucloxacillin (Floxapen, Fluclox)",medication,binary,"Flucloxacillin (Floxapen, Fluclox)",medi_antibioagent_otherl2,[medi_antibioagent]='88'
1963,medi_antibioagent_otherl2___Fluconazole (Diflucan),medication,binary,Fluconazole (Diflucan),medi_antibioagent_otherl2,[medi_antibioagent]='88'
1964,medi_antibioagent_otherl2___Gatifloxacin (Tequin),medication,binary,Gatifloxacin (Tequin),medi_antibioagent_otherl2,[medi_antibioagent]='88'
1965,medi_antibioagent_otherl2___Gemifloxacin (Factive),medication,binary,Gemifloxacin (Factive),medi_antibioagent_otherl2,[medi_antibioagent]='88'
1966,medi_antibioagent_otherl2___Kanamycin (Kantrex),medication,binary,Kanamycin (Kantrex),medi_antibioagent_otherl2,[medi_antibioagent]='88'
1967,medi_antibioagent_otherl2___Linezolid (Zyvox),medication,binary,Linezolid (Zyvox),medi_antibioagent_otherl2,[medi_antibioagent]='88'
1968,medi_antibioagent_otherl2___Lomefloxacin,medication,binary,Lomefloxacin,medi_antibioagent_otherl2,[medi_antibioagent]='88'
1969,"medi_antibioagent_otherl2___Meropenem (Merrem, Meronem)",medication,binary,"Meropenem (Merrem, Meronem)",medi_antibioagent_otherl2,[medi_antibioagent]='88'
1970,"medi_antibioagent_otherl2___Methenamine hippurate (Hiprex, Urex)",medication,binary,"Methenamine hippurate (Hiprex, Urex)",medi_antibioagent_otherl2,[medi_antibioagent]='88'
1971,"medi_antibioagent_otherl2___Mezlocillin (Baypen, Melocin, Bezlin, Optocillin)",medication,binary,"Mezlocillin (Baypen, Melocin, Bezlin, Optocillin)",medi_antibioagent_otherl2,[medi_antibioagent]='88'
1972,"medi_antibioagent_otherl2___Minocycline (Minocin, Ximino)",medication,binary,"Minocycline (Minocin, Ximino)",medi_antibioagent_otherl2,[medi_antibioagent]='88'
1973,"medi_antibioagent_otherl2___Moxifloxacin (Avelox, Vigamox)",medication,binary,"Moxifloxacin (Avelox, Vigamox)",medi_antibioagent_otherl2,[medi_antibioagent]='88'
1974,medi_antibioagent_otherl2___Nafcillin,medication,binary,Nafcillin,medi_antibioagent_otherl2,[medi_antibioagent]='88'
1975,"medi_antibioagent_otherl2___Nalidixic Acid (NegGram, Wintomylon)",medication,binary,"Nalidixic Acid (NegGram, Wintomylon)",medi_antibioagent_otherl2,[medi_antibioagent]='88'
1976,medi_antibioagent_otherl2___Netilmicin (Netromycin),medication,binary,Netilmicin (Netromycin),medi_antibioagent_otherl2,[medi_antibioagent]='88'
1977,"medi_antibioagent_otherl2___Nitrofural (Aldomycin, Furacin, NFZ)",medication,binary,"Nitrofural (Aldomycin, Furacin, NFZ)",medi_antibioagent_otherl2,[medi_antibioagent]='88'
1978,"medi_antibioagent_otherl2___Nitrofurantoin (Macrobid, Macrodantin)",medication,binary,"Nitrofurantoin (Macrobid, Macrodantin)",medi_antibioagent_otherl2,[medi_antibioagent]='88'
1979,medi_antibioagent_otherl2___Novobiocin (Albadry),medication,binary,Novobiocin (Albadry),medi_antibioagent_otherl2,[medi_antibioagent]='88'
1980,"medi_antibioagent_otherl2___Ofloxacin (Floxin, Ocuflox)",medication,binary,"Ofloxacin (Floxin, Ocuflox)",medi_antibioagent_otherl2,[medi_antibioagent]='88'
1981,medi_antibioagent_otherl2___Oxacillin (Bactocill),medication,binary,Oxacillin (Bactocill),medi_antibioagent_otherl2,[medi_antibioagent]='88'
1982,medi_antibioagent_otherl2___Piperacillin,medication,binary,Piperacillin,medi_antibioagent_otherl2,[medi_antibioagent]='88'
1983,"medi_antibioagent_otherl2___Piperacillin/Beta-lactamase inhibitor (Piperacillin/Tazobactam, Pip-Taz, Tazocel, Tazocin, Zosyn,",medication,binary,"Piperacillin/Beta-lactamase inhibitor (Piperacillin/Tazobactam, Pip-Taz, Tazocel, Tazocin, Zosyn,",medi_antibioagent_otherl2,[medi_antibioagent]='88'
1984,medi_antibioagent_otherl2___Pivmecillinam (Selexid),medication,binary,Pivmecillinam (Selexid),medi_antibioagent_otherl2,[medi_antibioagent]='88'
1985,medi_antibioagent_otherl2___Plazomicin (Zemdri),medication,binary,Plazomicin (Zemdri),medi_antibioagent_otherl2,[medi_antibioagent]='88'
1986,"medi_antibioagent_otherl2___Polymyxin B (Poly-Rx, Polysporin)",medication,binary,"Polymyxin B (Poly-Rx, Polysporin)",medi_antibioagent_otherl2,[medi_antibioagent]='88'
1987,"medi_antibioagent_otherl2___Procaine benzylpenicillin (Penicillin G, Bactracillin G, Norocillin)",medication,binary,"Procaine benzylpenicillin (Penicillin G, Bactracillin G, Norocillin)",medi_antibioagent_otherl2,[medi_antibioagent]='88'
1988,medi_antibioagent_otherl2___Quinupristin/Dalfopristin (Synercid),medication,binary,Quinupristin/Dalfopristin (Synercid),medi_antibioagent_otherl2,[medi_antibioagent]='88'
1989,medi_antibioagent_otherl2___Retapamulin (Altabax),medication,binary,Retapamulin (Altabax),medi_antibioagent_otherl2,[medi_antibioagent]='88'
1990,"medi_antibioagent_otherl2___Rifampicin (Rifadin, Rimactane)",medication,binary,"Rifampicin (Rifadin, Rimactane)",medi_antibioagent_otherl2,[medi_antibioagent]='88'
1991,"medi_antibioagent_otherl2___Roxithromycin (Biaxsig, Rulide)",medication,binary,"Roxithromycin (Biaxsig, Rulide)",medi_antibioagent_otherl2,[medi_antibioagent]='88'
1992,medi_antibioagent_otherl2___Sparfloxacin (Spacin),medication,binary,Sparfloxacin (Spacin),medi_antibioagent_otherl2,[medi_antibioagent]='88'
1993,medi_antibioagent_otherl2___Sulfadiazine,medication,binary,Sulfadiazine,medi_antibioagent_otherl2,[medi_antibioagent]='88'
1994,medi_antibioagent_otherl2___Sulfamethoxazole (Gantanol),medication,binary,Sulfamethoxazole (Gantanol),medi_antibioagent_otherl2,[medi_antibioagent]='88'
1995,medi_antibioagent_otherl2___Telithromycin (Levviax),medication,binary,Telithromycin (Levviax),medi_antibioagent_otherl2,[medi_antibioagent]='88'
1996,"medi_antibioagent_otherl2___Tetracycline (Viabecline, Vitastem)",medication,binary,"Tetracycline (Viabecline, Vitastem)",medi_antibioagent_otherl2,[medi_antibioagent]='88'
1997,medi_antibioagent_otherl2___Ticarcillin/Beta-lactamase inhibitor (Ticacillin/Clavulanate),medication,binary,Ticarcillin/Beta-lactamase inhibitor (Ticacillin/Clavulanate),medi_antibioagent_otherl2,[medi_antibioagent]='88'
1998,medi_antibioagent_otherl2___Trovafloxacin (Trovan),medication,binary,Trovafloxacin (Trovan),medi_antibioagent_otherl2,[medi_antibioagent]='88'
1999,"medi_antibioagent_otherl2___Vancomycin (Vancocin, Vancocin HCl, Firvanq)",medication,binary,"Vancomycin (Vancocin, Vancocin HCl, Firvanq)",medi_antibioagent_otherl2,[medi_antibioagent]='88'
2000,medi_antibioagent_otherl2___Voriconazole (Vfend),medication,binary,Voriconazole (Vfend),medi_antibioagent_otherl2,[medi_antibioagent]='88'
2001,medi_antibioagent_otherl2___Xibornol,medication,binary,Xibornol,medi_antibioagent_otherl2,[medi_antibioagent]='88'
2002,medi_antibioagent_otherl2___Other,medication,binary,Other,medi_antibioagent_otherl2,[medi_antibioagent]='88'
2003,medi_antibioagent_otherl3,medication,freetext,Specify other Antibiotic,medi,[medi_antibioagent_otherl2]='88'
2004,medi_topicantibiotgent,medication,categorical,Topical antibiotic,medi,[medi_medtype]='16'
2005,medi_topicantibiotgent___Penicillins,medication,binary,Penicillins,medi_topicantibiotgent,[medi_medtype]='16'
2006,medi_topicantibiotgent___Cephalosporins,medication,binary,Cephalosporins,medi_topicantibiotgent,[medi_medtype]='16'
2007,medi_topicantibiotgent___Tetracyclines,medication,binary,Tetracyclines,medi_topicantibiotgent,[medi_medtype]='16'
2008,medi_topicantibiotgent___Aminoglycosides,medication,binary,Aminoglycosides,medi_topicantibiotgent,[medi_medtype]='16'
2009,medi_topicantibiotgent___Macrolides,medication,binary,Macrolides,medi_topicantibiotgent,[medi_medtype]='16'
2010,medi_topicantibiotgent___Sulfonamides and trimethoprim,medication,binary,Sulfonamides and trimethoprim,medi_topicantibiotgent,[medi_medtype]='16'
2011,medi_topicantibiotgent___Quinolones,medication,binary,Quinolones,medi_topicantibiotgent,[medi_medtype]='16'
2012,medi_topicantibiotgent___Other,medication,binary,Other,medi_topicantibiotgent,[medi_medtype]='16'
2013,medi_corticost,medication,categorical,Corticosteroid,medi,[medi_medtype]='10'
2014,"medi_corticost___Dexamethasone (Decadron, Dexasone, Diodex)",medication,binary,"Dexamethasone (Decadron, Dexasone, Diodex)",medi_corticost,[medi_medtype]='10'
2015,"medi_corticost___Hydrocortisone (Cortef, Solu-Cortef)",medication,binary,"Hydrocortisone (Cortef, Solu-Cortef)",medi_corticost,[medi_medtype]='10'
2016,"medi_corticost___Methylprednisolone (Medrol, Solu-Medrol)",medication,binary,"Methylprednisolone (Medrol, Solu-Medrol)",medi_corticost,[medi_medtype]='10'
2017,medi_corticost___Prednisone (Deltasone),medication,binary,Prednisone (Deltasone),medi_corticost,[medi_medtype]='10'
2018,medi_corticost___Other,medication,binary,Other,medi_corticost,[medi_medtype]='10'
2019,medi_corticost_otherl2,medication,categorical,Select Corticosteroid,medi,[medi_corticost]='88'
2020,"medi_corticost_otherl2___Beclomethasone (Beclometasone, Beconase)",medication,binary,"Beclomethasone (Beclometasone, Beconase)",medi_corticost_otherl2,[medi_corticost]='88'
2021,"medi_corticost_otherl2___Betamethasone (Celestone, Betnelan)",medication,binary,"Betamethasone (Celestone, Betnelan)",medi_corticost_otherl2,[medi_corticost]='88'
2022,medi_corticost_otherl2___Budesonide (Pulmicort),medication,binary,Budesonide (Pulmicort),medi_corticost_otherl2,[medi_corticost]='88'
2023,medi_corticost_otherl2___Cortisone (Cortone),medication,binary,Cortisone (Cortone),medi_corticost_otherl2,[medi_corticost]='88'
2024,"medi_corticost_otherl2___Fludrocortisone (Astonin, Florinef)",medication,binary,"Fludrocortisone (Astonin, Florinef)",medi_corticost_otherl2,[medi_corticost]='88'
2025,"medi_corticost_otherl2___Fluticasone (Flovent, Flonase)",medication,binary,"Fluticasone (Flovent, Flonase)",medi_corticost_otherl2,[medi_corticost]='88'
2026,"medi_corticost_otherl2___Mometasone (Asmanex, Elocon, Nasonex)",medication,binary,"Mometasone (Asmanex, Elocon, Nasonex)",medi_corticost_otherl2,[medi_corticost]='88'
2027,"medi_corticost_otherl2___Prednisolone (Prelone, Orapred)",medication,binary,"Prednisolone (Prelone, Orapred)",medi_corticost_otherl2,[medi_corticost]='88'
2028,"medi_corticost_otherl2___Triamcinolone (Kenalog, Aristocort)",medication,binary,"Triamcinolone (Kenalog, Aristocort)",medi_corticost_otherl2,[medi_corticost]='88'
2029,medi_corticost_otherl2___Other,medication,binary,Other,medi_corticost_otherl2,[medi_corticost]='88'
2030,medi_corticost_otherl3,medication,freetext,Specify other Corticosteroid,medi,[medi_corticost_otherl2]='88'
2031,medi_antifungagent,medication,categorical,Antifungal agent,medi,[medi_medtype]='4'
2032,medi_antifungagent___Amphotericin B,medication,binary,Amphotericin B,medi_antifungagent,[medi_medtype]='4'
2033,medi_antifungagent___Fluconazole,medication,binary,Fluconazole,medi_antifungagent,[medi_medtype]='4'
2034,medi_antifungagent___Liposomal amphotericin,medication,binary,Liposomal amphotericin,medi_antifungagent,[medi_medtype]='4'
2035,medi_antifungagent___Other,medication,binary,Other,medi_antifungagent,[medi_medtype]='4'
2036,medi_antifungagent_otherl2,medication,categorical,Select Antifungal agent,medi,[medi_antifungagent]='88'
2037,medi_antifungagent_otherl2___Clotrimazole,medication,binary,Clotrimazole,medi_antifungagent_otherl2,[medi_antifungagent]='88'
2038,medi_antifungagent_otherl2___Econazole,medication,binary,Econazole,medi_antifungagent_otherl2,[medi_antifungagent]='88'
2039,medi_antifungagent_otherl2___Ketoconazole,medication,binary,Ketoconazole,medi_antifungagent_otherl2,[medi_antifungagent]='88'
2040,medi_antifungagent_otherl2___Miconazole,medication,binary,Miconazole,medi_antifungagent_otherl2,[medi_antifungagent]='88'
2041,medi_antifungagent_otherl2___Nystatin,medication,binary,Nystatin,medi_antifungagent_otherl2,[medi_antifungagent]='88'
2042,medi_antifungagent_otherl2___Terbinafine,medication,binary,Terbinafine,medi_antifungagent_otherl2,[medi_antifungagent]='88'
2043,medi_antifungagent_otherl2___Other,medication,binary,Other,medi_antifungagent_otherl2,[medi_antifungagent]='88'
2044,medi_antifungagent_otherl3,medication,freetext,Specify other Antifungal agent,medi,[medi_antifungagent_otherl2]='88'
2045,medi_analgesic,medication,categorical,Analgesic agent,medi,[medi_medtype]='1'
2046,medi_analgesic___Paracetamol,medication,binary,Paracetamol,medi_analgesic,[medi_medtype]='1'
2047,medi_analgesic___NSAIDs,medication,binary,NSAIDs,medi_analgesic,[medi_medtype]='1'
2048,medi_analgesic___Opiates,medication,binary,Opiates,medi_analgesic,[medi_medtype]='1'
2049,medi_analgesic___Ketamine,medication,binary,Ketamine,medi_analgesic,[medi_medtype]='1'
2050,medi_analgesic___Other,medication,binary,Other,medi_analgesic,[medi_medtype]='1'
2051,medi_antipruritic,medication,categorical,Antipruritic agent,medi,[medi_medtype]='7'
2052,medi_antipruritic___Hydrocortisone,medication,binary,Hydrocortisone,medi_antipruritic,[medi_medtype]='7'
2053,medi_antipruritic___Calamine,medication,binary,Calamine,medi_antipruritic,[medi_medtype]='7'
2054,medi_antipruritic___Antihistamines,medication,binary,Antihistamines,medi_antipruritic,[medi_medtype]='7'
2055,medi_antipruritic___Hydroxyzine,medication,binary,Hydroxyzine,medi_antipruritic,[medi_medtype]='7'
2056,medi_antipruritic___Other,medication,binary,Other,medi_antipruritic,[medi_medtype]='7'
2057,medi_route,medication,categorical,Medication route,medi,[medi_medtype]='8' or [medi_medtype]='10' or [medi_medtype]='3'  or [medi_medtype]='1'  or [medi_medtype]='7' or [medi_medtype]='13' or  [medi_medtype_otherl2]='8' or [medi_medtype_otherl2]='10' or [medi_medtype_otherl2]='3'  or [medi_medtype_otherl2]='1'  or [medi_medtype_otherl2]='7' or [medi_medtype_otherl2]='13'
2058,medi_route___Oral,medication,binary,Oral,medi_route,[medi_medtype]='8' or [medi_medtype]='10' or [medi_medtype]='3'  or [medi_medtype]='1'  or [medi_medtype]='7' or [medi_medtype]='13' or  [medi_medtype_otherl2]='8' or [medi_medtype_otherl2]='10' or [medi_medtype_otherl2]='3'  or [medi_medtype_otherl2]='1'  or [medi_medtype_otherl2]='7' or [medi_medtype_otherl2]='13'
2059,medi_route___Subcutaneous,medication,binary,Subcutaneous,medi_route,[medi_medtype]='8' or [medi_medtype]='10' or [medi_medtype]='3'  or [medi_medtype]='1'  or [medi_medtype]='7' or [medi_medtype]='13' or  [medi_medtype_otherl2]='8' or [medi_medtype_otherl2]='10' or [medi_medtype_otherl2]='3'  or [medi_medtype_otherl2]='1'  or [medi_medtype_otherl2]='7' or [medi_medtype_otherl2]='13'
2060,medi_route___Inhaled,medication,binary,Inhaled,medi_route,[medi_medtype]='8' or [medi_medtype]='10' or [medi_medtype]='3'  or [medi_medtype]='1'  or [medi_medtype]='7' or [medi_medtype]='13' or  [medi_medtype_otherl2]='8' or [medi_medtype_otherl2]='10' or [medi_medtype_otherl2]='3'  or [medi_medtype_otherl2]='1'  or [medi_medtype_otherl2]='7' or [medi_medtype_otherl2]='13'
2061,medi_route___IV,medication,binary,IV,medi_route,[medi_medtype]='8' or [medi_medtype]='10' or [medi_medtype]='3'  or [medi_medtype]='1'  or [medi_medtype]='7' or [medi_medtype]='13' or  [medi_medtype_otherl2]='8' or [medi_medtype_otherl2]='10' or [medi_medtype_otherl2]='3'  or [medi_medtype_otherl2]='1'  or [medi_medtype_otherl2]='7' or [medi_medtype_otherl2]='13'
2062,medi_route___Topical,medication,binary,Topical,medi_route,[medi_medtype]='8' or [medi_medtype]='10' or [medi_medtype]='3'  or [medi_medtype]='1'  or [medi_medtype]='7' or [medi_medtype]='13' or  [medi_medtype_otherl2]='8' or [medi_medtype_otherl2]='10' or [medi_medtype_otherl2]='3'  or [medi_medtype_otherl2]='1'  or [medi_medtype_otherl2]='7' or [medi_medtype_otherl2]='13'
2063,medi_route___Other,medication,binary,Other,medi_route,[medi_medtype]='8' or [medi_medtype]='10' or [medi_medtype]='3'  or [medi_medtype]='1'  or [medi_medtype]='7' or [medi_medtype]='13' or  [medi_medtype_otherl2]='8' or [medi_medtype_otherl2]='10' or [medi_medtype_otherl2]='3'  or [medi_medtype_otherl2]='1'  or [medi_medtype_otherl2]='7' or [medi_medtype_otherl2]='13'
2064,medi_route_oth,medication,freetext,Specify other route,medi,[medi_route]='88'
2065,medi_medstartdate,medication,date,Date agent started / first dose,medi,[medi_treat]='1'
2066,medi_medenddate,medication,date,Date agent ended / last dose,medi,[medi_treat]='1'
2067,medi_numdays,medication,numeric,Total number of days treatment given,medi,[medi_treat]='1'
2068,medi_dose,medication,numeric,Dose,medi,[medi_treat]='1'
2069,medi_units,medication,units,Units,medi,[medi_treat]='1'
2070,medi_numdoses,medication,numeric,Total number of doses (Number of times the drug was injected / swallowed / infused / inserted / applied / inhaled) ,medi,[medi_treat]='1'
2071,medi_offlab,medication,binary,Was this an off-label or compassionate use of the medication?,medi,
2072,medi_offlab_spec1,medication,freetext,Specify the off-label or compassionate use medication,medi,[medi_offlab]='1'
2073,test,pathogen_testing,section,PATHOGEN TESTING,,
2074,test_yn,pathogen_testing,binary,Were clinical pathogen samples taken on this day?,test,
2075,test_reasno,pathogen_testing,freetext,If no: Specify reason(s),test,[test_yn]='0'
2076,test_collectiondate,pathogen_testing,date,Collection date,test,[test_yn]='1'
2077,test_biospecimentype,pathogen_testing,categorical,Biospecimen type,test,[test_yn]='1'
2078,test_biospecimentype___Blood,pathogen_testing,binary,Blood,test_biospecimentype,[test_yn]='1'
2079,test_biospecimentype___Buccal swab,pathogen_testing,binary,Buccal swab,test_biospecimentype,[test_yn]='1'
2080,test_biospecimentype___CSF (Cerebrospinal Fluid),pathogen_testing,binary,CSF (Cerebrospinal Fluid),test_biospecimentype,[test_yn]='1'
2081,test_biospecimentype___Eye swab,pathogen_testing,binary,Eye swab,test_biospecimentype,[test_yn]='1'
2082,test_biospecimentype___Faeces/rectal swab,pathogen_testing,binary,Faeces/rectal swab,test_biospecimentype,[test_yn]='1'
2083,test_biospecimentype___Lesion/crust (skin) swab,pathogen_testing,binary,Lesion/crust (skin) swab,test_biospecimentype,[test_yn]='1'
2084,test_biospecimentype___Semen,pathogen_testing,binary,Semen,test_biospecimentype,[test_yn]='1'
2085,test_biospecimentype___Throat swab,pathogen_testing,binary,Throat swab,test_biospecimentype,[test_yn]='1'
2086,test_biospecimentype___Urine,pathogen_testing,binary,Urine,test_biospecimentype,[test_yn]='1'
2087,test_biospecimentype___Other,pathogen_testing,binary,Other,test_biospecimentype,[test_yn]='1'
2088,test_biospecimentype_otherl2,pathogen_testing,categorical,Select Biospecimen type,test,[test_biospecimentype]='88'
2089,test_biospecimentype_otherl2___Amniotic fluid,pathogen_testing,binary,Amniotic fluid,test_biospecimentype_otherl2,[test_biospecimentype]='88'
2090,test_biospecimentype_otherl2___BAL (Bronchoalveolar Lavage),pathogen_testing,binary,BAL (Bronchoalveolar Lavage),test_biospecimentype_otherl2,[test_biospecimentype]='88'
2091,test_biospecimentype_otherl2___Breast milk,pathogen_testing,binary,Breast milk,test_biospecimentype_otherl2,[test_biospecimentype]='88'
2092,test_biospecimentype_otherl2___Combined nasal/NP + throat swab,pathogen_testing,binary,Combined nasal/NP + throat swab,test_biospecimentype_otherl2,[test_biospecimentype]='88'
2093,test_biospecimentype_otherl2___ETA (Endotracheal aspirate),pathogen_testing,binary,ETA (Endotracheal aspirate),test_biospecimentype_otherl2,[test_biospecimentype]='88'
2094,test_biospecimentype_otherl2___Nasal/NP swab,pathogen_testing,binary,Nasal/NP swab,test_biospecimentype_otherl2,[test_biospecimentype]='88'
2095,test_biospecimentype_otherl2___Neonate-blood,pathogen_testing,binary,Neonate-blood,test_biospecimentype_otherl2,[test_biospecimentype]='88'
2096,test_biospecimentype_otherl2___Sputum,pathogen_testing,binary,Sputum,test_biospecimentype_otherl2,[test_biospecimentype]='88'
2097,test_biospecimentype_otherl2___Stool sample,pathogen_testing,binary,Stool sample,test_biospecimentype_otherl2,[test_biospecimentype]='88'
2098,test_biospecimentype_otherl2___Urethral swab,pathogen_testing,binary,Urethral swab,test_biospecimentype_otherl2,[test_biospecimentype]='88'
2099,test_biospecimentype_otherl2___Other,pathogen_testing,binary,Other,test_biospecimentype_otherl2,[test_biospecimentype]='88'
2100,test_biospecimentype_otherl3,pathogen_testing,freetext,Specify other Biospecimen type,test,[test_biospecimentype_otherl2]='88'
2101,test_labtestmethod,pathogen_testing,categorical,Lab test method,test,[test_yn]='1'
2102,test_labtestmethod___PCR,pathogen_testing,binary,PCR,test_labtestmethod,[test_yn]='1'
2103,test_labtestmethod___IgG,pathogen_testing,binary,IgG,test_labtestmethod,[test_yn]='1'
2104,test_labtestmethod___Culture,pathogen_testing,binary,Culture,test_labtestmethod,[test_yn]='1'
2105,test_labtestmethod___IgM,pathogen_testing,binary,IgM,test_labtestmethod,[test_yn]='1'
2106,test_labtestmethod___RDT,pathogen_testing,binary,RDT,test_labtestmethod,[test_yn]='1'
2107,test_labtestmethod___Antigen detection,pathogen_testing,binary,Antigen detection,test_labtestmethod,[test_yn]='1'
2108,test_pathtested,pathogen_testing,categorical,Pathogen tested / detected,test,[test_yn]='1'
2109,"test_pathtested___Human Herpesvirus 3 (Varicella-zoster virus, VZV)",pathogen_testing,binary,"Human Herpesvirus 3 (Varicella-zoster virus, VZV)",test_pathtested,[test_yn]='1'
2110,test_pathtested___Measles morbillivirus,pathogen_testing,binary,Measles morbillivirus,test_pathtested,[test_yn]='1'
2111,test_pathtested___Mpox virus,pathogen_testing,binary,Mpox virus,test_pathtested,[test_yn]='1'
2112,test_pathtested___Other,pathogen_testing,binary,Other,test_pathtested,[test_yn]='1'
2113,test_pathtested_otherl2,pathogen_testing,categorical,Select Pathogen tested / detected,test,[test_pathtested]='88'
2114,test_pathtested_otherl2___Acinetobacter anitratus,pathogen_testing,binary,Acinetobacter anitratus,test_pathtested_otherl2,[test_pathtested]='88'
2115,test_pathtested_otherl2___Acinetobacter baumannii,pathogen_testing,binary,Acinetobacter baumannii,test_pathtested_otherl2,[test_pathtested]='88'
2116,test_pathtested_otherl2___Acinetobacter calcoaceticus,pathogen_testing,binary,Acinetobacter calcoaceticus,test_pathtested_otherl2,[test_pathtested]='88'
2117,test_pathtested_otherl2___Acinetobacter johnsonii,pathogen_testing,binary,Acinetobacter johnsonii,test_pathtested_otherl2,[test_pathtested]='88'
2118,test_pathtested_otherl2___Actinomyces israelii,pathogen_testing,binary,Actinomyces israelii,test_pathtested_otherl2,[test_pathtested]='88'
2119,test_pathtested_otherl2___Adenoviridae,pathogen_testing,binary,Adenoviridae,test_pathtested_otherl2,[test_pathtested]='88'
2120,test_pathtested_otherl2___Aeromonas,pathogen_testing,binary,Aeromonas,test_pathtested_otherl2,[test_pathtested]='88'
2121,test_pathtested_otherl2___Arenaviridae,pathogen_testing,binary,Arenaviridae,test_pathtested_otherl2,[test_pathtested]='88'
2122,test_pathtested_otherl2___Aspergillus,pathogen_testing,binary,Aspergillus,test_pathtested_otherl2,[test_pathtested]='88'
2123,test_pathtested_otherl2___Aspergillus fumigatus,pathogen_testing,binary,Aspergillus fumigatus,test_pathtested_otherl2,[test_pathtested]='88'
2124,test_pathtested_otherl2___Aspergillus terreus,pathogen_testing,binary,Aspergillus terreus,test_pathtested_otherl2,[test_pathtested]='88'
2125,test_pathtested_otherl2___Aspergillus versicolor,pathogen_testing,binary,Aspergillus versicolor,test_pathtested_otherl2,[test_pathtested]='88'
2126,test_pathtested_otherl2___Avian Influenza A H5N1,pathogen_testing,binary,Avian Influenza A H5N1,test_pathtested_otherl2,[test_pathtested]='88'
2127,test_pathtested_otherl2___Avian Influenza A H7N9,pathogen_testing,binary,Avian Influenza A H7N9,test_pathtested_otherl2,[test_pathtested]='88'
2128,test_pathtested_otherl2___Bacillus,pathogen_testing,binary,Bacillus,test_pathtested_otherl2,[test_pathtested]='88'
2129,test_pathtested_otherl2___Bacillus anthracis,pathogen_testing,binary,Bacillus anthracis,test_pathtested_otherl2,[test_pathtested]='88'
2130,test_pathtested_otherl2___Bacteroides thetaiotaomicron,pathogen_testing,binary,Bacteroides thetaiotaomicron,test_pathtested_otherl2,[test_pathtested]='88'
2131,test_pathtested_otherl2___Blastocystis hominis,pathogen_testing,binary,Blastocystis hominis,test_pathtested_otherl2,[test_pathtested]='88'
2132,test_pathtested_otherl2___Bordetella pertussis,pathogen_testing,binary,Bordetella pertussis,test_pathtested_otherl2,[test_pathtested]='88'
2133,test_pathtested_otherl2___Bunyaviridae (Family),pathogen_testing,binary,Bunyaviridae (Family),test_pathtested_otherl2,[test_pathtested]='88'
2134,test_pathtested_otherl2___Burkholderia,pathogen_testing,binary,Burkholderia,test_pathtested_otherl2,[test_pathtested]='88'
2135,test_pathtested_otherl2___Burkholderia cepacia,pathogen_testing,binary,Burkholderia cepacia,test_pathtested_otherl2,[test_pathtested]='88'
2136,test_pathtested_otherl2___Burkholderia pseudomallei,pathogen_testing,binary,Burkholderia pseudomallei,test_pathtested_otherl2,[test_pathtested]='88'
2137,test_pathtested_otherl2___Caliciviridae (Family),pathogen_testing,binary,Caliciviridae (Family),test_pathtested_otherl2,[test_pathtested]='88'
2138,test_pathtested_otherl2___Candida glabrata,pathogen_testing,binary,Candida glabrata,test_pathtested_otherl2,[test_pathtested]='88'
2139,test_pathtested_otherl2___Candida parapsilosis,pathogen_testing,binary,Candida parapsilosis,test_pathtested_otherl2,[test_pathtested]='88'
2140,test_pathtested_otherl2___Candida tropicalis,pathogen_testing,binary,Candida tropicalis,test_pathtested_otherl2,[test_pathtested]='88'
2141,test_pathtested_otherl2___Chlamydia,pathogen_testing,binary,Chlamydia,test_pathtested_otherl2,[test_pathtested]='88'
2142,test_pathtested_otherl2___Chlamydophila pneumoniae,pathogen_testing,binary,Chlamydophila pneumoniae,test_pathtested_otherl2,[test_pathtested]='88'
2143,test_pathtested_otherl2___Chryseobacterium indologenes,pathogen_testing,binary,Chryseobacterium indologenes,test_pathtested_otherl2,[test_pathtested]='88'
2144,test_pathtested_otherl2___Citrobacter freundii,pathogen_testing,binary,Citrobacter freundii,test_pathtested_otherl2,[test_pathtested]='88'
2145,test_pathtested_otherl2___Clonorchis sinensis,pathogen_testing,binary,Clonorchis sinensis,test_pathtested_otherl2,[test_pathtested]='88'
2146,test_pathtested_otherl2___Clostridium difficile,pathogen_testing,binary,Clostridium difficile,test_pathtested_otherl2,[test_pathtested]='88'
2147,test_pathtested_otherl2___Clostridium tetani,pathogen_testing,binary,Clostridium tetani,test_pathtested_otherl2,[test_pathtested]='88'
2148,test_pathtested_otherl2___Coagulase negative Staphylococcus,pathogen_testing,binary,Coagulase negative Staphylococcus,test_pathtested_otherl2,[test_pathtested]='88'
2149,test_pathtested_otherl2___Coccidioides,pathogen_testing,binary,Coccidioides,test_pathtested_otherl2,[test_pathtested]='88'
2150,test_pathtested_otherl2___Coronaviridae (Family),pathogen_testing,binary,Coronaviridae (Family),test_pathtested_otherl2,[test_pathtested]='88'
2151,test_pathtested_otherl2___Corynebacterium pseudodiphtheriticum,pathogen_testing,binary,Corynebacterium pseudodiphtheriticum,test_pathtested_otherl2,[test_pathtested]='88'
2152,test_pathtested_otherl2___Corynebacterium pseudotuberculosis,pathogen_testing,binary,Corynebacterium pseudotuberculosis,test_pathtested_otherl2,[test_pathtested]='88'
2153,test_pathtested_otherl2___Corynebacterium striatum,pathogen_testing,binary,Corynebacterium striatum,test_pathtested_otherl2,[test_pathtested]='88'
2154,test_pathtested_otherl2___Corynebacterium ulcerans,pathogen_testing,binary,Corynebacterium ulcerans,test_pathtested_otherl2,[test_pathtested]='88'
2155,test_pathtested_otherl2___Corynebacterium xerosis,pathogen_testing,binary,Corynebacterium xerosis,test_pathtested_otherl2,[test_pathtested]='88'
2156,test_pathtested_otherl2___Cryptosporidium hominis,pathogen_testing,binary,Cryptosporidium hominis,test_pathtested_otherl2,[test_pathtested]='88'
2157,test_pathtested_otherl2___Cryptosporidium parvum,pathogen_testing,binary,Cryptosporidium parvum,test_pathtested_otherl2,[test_pathtested]='88'
2158,test_pathtested_otherl2___Curvularia lunata,pathogen_testing,binary,Curvularia lunata,test_pathtested_otherl2,[test_pathtested]='88'
2159,test_pathtested_otherl2___Cytomegalovirus,pathogen_testing,binary,Cytomegalovirus,test_pathtested_otherl2,[test_pathtested]='88'
2160,test_pathtested_otherl2___Delftia,pathogen_testing,binary,Delftia,test_pathtested_otherl2,[test_pathtested]='88'
2161,test_pathtested_otherl2___Deltavirus,pathogen_testing,binary,Deltavirus,test_pathtested_otherl2,[test_pathtested]='88'
2162,test_pathtested_otherl2___Dermabacter,pathogen_testing,binary,Dermabacter,test_pathtested_otherl2,[test_pathtested]='88'
2163,test_pathtested_otherl2___Dracunculus medinensis,pathogen_testing,binary,Dracunculus medinensis,test_pathtested_otherl2,[test_pathtested]='88'
2164,test_pathtested_otherl2___Ebola virus,pathogen_testing,binary,Ebola virus,test_pathtested_otherl2,[test_pathtested]='88'
2165,test_pathtested_otherl2___Elizabethkingia,pathogen_testing,binary,Elizabethkingia,test_pathtested_otherl2,[test_pathtested]='88'
2166,test_pathtested_otherl2___Enteric bacteria,pathogen_testing,binary,Enteric bacteria,test_pathtested_otherl2,[test_pathtested]='88'
2167,test_pathtested_otherl2___Enterobacter asburiae,pathogen_testing,binary,Enterobacter asburiae,test_pathtested_otherl2,[test_pathtested]='88'
2168,test_pathtested_otherl2___Enterobacter bugandensis,pathogen_testing,binary,Enterobacter bugandensis,test_pathtested_otherl2,[test_pathtested]='88'
2169,test_pathtested_otherl2___Enterobacter cloacae,pathogen_testing,binary,Enterobacter cloacae,test_pathtested_otherl2,[test_pathtested]='88'
2170,test_pathtested_otherl2___Enterobacter cloacae complex,pathogen_testing,binary,Enterobacter cloacae complex,test_pathtested_otherl2,[test_pathtested]='88'
2171,test_pathtested_otherl2___Enterobacter kobei,pathogen_testing,binary,Enterobacter kobei,test_pathtested_otherl2,[test_pathtested]='88'
2172,test_pathtested_otherl2___Enterococcus faecalis,pathogen_testing,binary,Enterococcus faecalis,test_pathtested_otherl2,[test_pathtested]='88'
2173,test_pathtested_otherl2___Enterococcus faecium,pathogen_testing,binary,Enterococcus faecium,test_pathtested_otherl2,[test_pathtested]='88'
2174,test_pathtested_otherl2___Enterococcus raffinosus,pathogen_testing,binary,Enterococcus raffinosus,test_pathtested_otherl2,[test_pathtested]='88'
2175,test_pathtested_otherl2___Escherichia coli,pathogen_testing,binary,Escherichia coli,test_pathtested_otherl2,[test_pathtested]='88'
2176,test_pathtested_otherl2___Filoviridae (Family),pathogen_testing,binary,Filoviridae (Family),test_pathtested_otherl2,[test_pathtested]='88'
2177,test_pathtested_otherl2___Flaviviridae (Family),pathogen_testing,binary,Flaviviridae (Family),test_pathtested_otherl2,[test_pathtested]='88'
2178,test_pathtested_otherl2___Francisella tularensis,pathogen_testing,binary,Francisella tularensis,test_pathtested_otherl2,[test_pathtested]='88'
2179,test_pathtested_otherl2___Genus Marburgvirus,pathogen_testing,binary,Genus Marburgvirus,test_pathtested_otherl2,[test_pathtested]='88'
2180,test_pathtested_otherl2___Giardia intestinalis,pathogen_testing,binary,Giardia intestinalis,test_pathtested_otherl2,[test_pathtested]='88'
2181,test_pathtested_otherl2___Giardia lamblia,pathogen_testing,binary,Giardia lamblia,test_pathtested_otherl2,[test_pathtested]='88'
2182,test_pathtested_otherl2___Gram-Positive Bacillus,pathogen_testing,binary,Gram-Positive Bacillus,test_pathtested_otherl2,[test_pathtested]='88'
2183,test_pathtested_otherl2___Granulicatella adiacens,pathogen_testing,binary,Granulicatella adiacens,test_pathtested_otherl2,[test_pathtested]='88'
2184,test_pathtested_otherl2___Haemophilus,pathogen_testing,binary,Haemophilus,test_pathtested_otherl2,[test_pathtested]='88'
2185,test_pathtested_otherl2___Haemophilus ducreyi,pathogen_testing,binary,Haemophilus ducreyi,test_pathtested_otherl2,[test_pathtested]='88'
2186,test_pathtested_otherl2___Haemophilus influenzae,pathogen_testing,binary,Haemophilus influenzae,test_pathtested_otherl2,[test_pathtested]='88'
2187,test_pathtested_otherl2___Haemophilus parainfluenzae,pathogen_testing,binary,Haemophilus parainfluenzae,test_pathtested_otherl2,[test_pathtested]='88'
2188,test_pathtested_otherl2___Hantavirus,pathogen_testing,binary,Hantavirus,test_pathtested_otherl2,[test_pathtested]='88'
2189,test_pathtested_otherl2___Helicobacter pylori,pathogen_testing,binary,Helicobacter pylori,test_pathtested_otherl2,[test_pathtested]='88'
2190,test_pathtested_otherl2___Hendra virus,pathogen_testing,binary,Hendra virus,test_pathtested_otherl2,[test_pathtested]='88'
2191,test_pathtested_otherl2___Hepadnaviridae,pathogen_testing,binary,Hepadnaviridae,test_pathtested_otherl2,[test_pathtested]='88'
2192,test_pathtested_otherl2___Hepatitis A virus,pathogen_testing,binary,Hepatitis A virus,test_pathtested_otherl2,[test_pathtested]='88'
2193,test_pathtested_otherl2___Hepatitis B virus,pathogen_testing,binary,Hepatitis B virus,test_pathtested_otherl2,[test_pathtested]='88'
2194,test_pathtested_otherl2___Hepatitis C virus,pathogen_testing,binary,Hepatitis C virus,test_pathtested_otherl2,[test_pathtested]='88'
2195,test_pathtested_otherl2___Hepatitis D,pathogen_testing,binary,Hepatitis D,test_pathtested_otherl2,[test_pathtested]='88'
2196,test_pathtested_otherl2___Hepatitis E virus,pathogen_testing,binary,Hepatitis E virus,test_pathtested_otherl2,[test_pathtested]='88'
2197,"test_pathtested_otherl2___Human Herpesvirus 1 (HHV1, Herpes simplex virus 1, HSV1)",pathogen_testing,binary,"Human Herpesvirus 1 (HHV1, Herpes simplex virus 1, HSV1)",test_pathtested_otherl2,[test_pathtested]='88'
2198,"test_pathtested_otherl2___Human Herpesvirus 2 (HHV2, Herpes Simplex virus 2, HSV2)",pathogen_testing,binary,"Human Herpesvirus 2 (HHV2, Herpes Simplex virus 2, HSV2)",test_pathtested_otherl2,[test_pathtested]='88'
2199,"test_pathtested_otherl2___Human Herpesvirus 5 (Cytomegalovirus humanbeta5, hCMV)",pathogen_testing,binary,"Human Herpesvirus 5 (Cytomegalovirus humanbeta5, hCMV)",test_pathtested_otherl2,[test_pathtested]='88'
2200,test_pathtested_otherl2___Human Herpesvirus 6 (Roseola infantum virus),pathogen_testing,binary,Human Herpesvirus 6 (Roseola infantum virus),test_pathtested_otherl2,[test_pathtested]='88'
2201,test_pathtested_otherl2___Human Immunodeficiency virus type 1 (HIV-1),pathogen_testing,binary,Human Immunodeficiency virus type 1 (HIV-1),test_pathtested_otherl2,[test_pathtested]='88'
2202,test_pathtested_otherl2___Human Immunodeficiency virus type 2 (HIV-2),pathogen_testing,binary,Human Immunodeficiency virus type 2 (HIV-2),test_pathtested_otherl2,[test_pathtested]='88'
2203,test_pathtested_otherl2___Human Metapneumovirus (hMPV),pathogen_testing,binary,Human Metapneumovirus (hMPV),test_pathtested_otherl2,[test_pathtested]='88'
2204,test_pathtested_otherl2___Human Parainfluenza virus,pathogen_testing,binary,Human Parainfluenza virus,test_pathtested_otherl2,[test_pathtested]='88'
2205,test_pathtested_otherl2___Human Parainfluenza virus 3,pathogen_testing,binary,Human Parainfluenza virus 3,test_pathtested_otherl2,[test_pathtested]='88'
2206,test_pathtested_otherl2___Human Parainfluenza virus 4,pathogen_testing,binary,Human Parainfluenza virus 4,test_pathtested_otherl2,[test_pathtested]='88'
2207,test_pathtested_otherl2___Human Parvovirus b19,pathogen_testing,binary,Human Parvovirus b19,test_pathtested_otherl2,[test_pathtested]='88'
2208,test_pathtested_otherl2___Human Respiratory Syncytial virus (RSV),pathogen_testing,binary,Human Respiratory Syncytial virus (RSV),test_pathtested_otherl2,[test_pathtested]='88'
2209,test_pathtested_otherl2___Human bocavirus,pathogen_testing,binary,Human bocavirus,test_pathtested_otherl2,[test_pathtested]='88'
2210,test_pathtested_otherl2___Influenza A H5N8,pathogen_testing,binary,Influenza A H5N8,test_pathtested_otherl2,[test_pathtested]='88'
2211,test_pathtested_otherl2___Influenza B virus,pathogen_testing,binary,Influenza B virus,test_pathtested_otherl2,[test_pathtested]='88'
2212,test_pathtested_otherl2___Isospora belli,pathogen_testing,binary,Isospora belli,test_pathtested_otherl2,[test_pathtested]='88'
2213,test_pathtested_otherl2___Japanese encephalitis virus (JEV),pathogen_testing,binary,Japanese encephalitis virus (JEV),test_pathtested_otherl2,[test_pathtested]='88'
2214,test_pathtested_otherl2___Klebsiella pneumoniae,pathogen_testing,binary,Klebsiella pneumoniae,test_pathtested_otherl2,[test_pathtested]='88'
2215,"test_pathtested_otherl2___Klebsiella pneumoniae, ESBL",pathogen_testing,binary,"Klebsiella pneumoniae, ESBL",test_pathtested_otherl2,[test_pathtested]='88'
2216,test_pathtested_otherl2___Klebsiella variicola,pathogen_testing,binary,Klebsiella variicola,test_pathtested_otherl2,[test_pathtested]='88'
2217,test_pathtested_otherl2___Legionella,pathogen_testing,binary,Legionella,test_pathtested_otherl2,[test_pathtested]='88'
2218,test_pathtested_otherl2___Leishmania,pathogen_testing,binary,Leishmania,test_pathtested_otherl2,[test_pathtested]='88'
2219,test_pathtested_otherl2___Leishmania Viannia,pathogen_testing,binary,Leishmania Viannia,test_pathtested_otherl2,[test_pathtested]='88'
2220,test_pathtested_otherl2___Leishmania braziliensis complex,pathogen_testing,binary,Leishmania braziliensis complex,test_pathtested_otherl2,[test_pathtested]='88'
2221,test_pathtested_otherl2___Listeria monocytogenes,pathogen_testing,binary,Listeria monocytogenes,test_pathtested_otherl2,[test_pathtested]='88'
2222,test_pathtested_otherl2___Lomentospora prolificans (Scedosporium prlificans),pathogen_testing,binary,Lomentospora prolificans (Scedosporium prlificans),test_pathtested_otherl2,[test_pathtested]='88'
2223,test_pathtested_otherl2___Lymphocytic choriomeningitis virus (LCMV),pathogen_testing,binary,Lymphocytic choriomeningitis virus (LCMV),test_pathtested_otherl2,[test_pathtested]='88'
2224,test_pathtested_otherl2___MERS-CoV,pathogen_testing,binary,MERS-CoV,test_pathtested_otherl2,[test_pathtested]='88'
2225,test_pathtested_otherl2___Machupo virus,pathogen_testing,binary,Machupo virus,test_pathtested_otherl2,[test_pathtested]='88'
2226,test_pathtested_otherl2___Metapneumovirus,pathogen_testing,binary,Metapneumovirus,test_pathtested_otherl2,[test_pathtested]='88'
2227,test_pathtested_otherl2___Methicillin susceptible Staphylococcus aureus (MSSA),pathogen_testing,binary,Methicillin susceptible Staphylococcus aureus (MSSA),test_pathtested_otherl2,[test_pathtested]='88'
2228,test_pathtested_otherl2___Meyerozyma guilliermondii,pathogen_testing,binary,Meyerozyma guilliermondii,test_pathtested_otherl2,[test_pathtested]='88'
2229,test_pathtested_otherl2___Micrococcus luteus,pathogen_testing,binary,Micrococcus luteus,test_pathtested_otherl2,[test_pathtested]='88'
2230,test_pathtested_otherl2___Microsporidia,pathogen_testing,binary,Microsporidia,test_pathtested_otherl2,[test_pathtested]='88'
2231,test_pathtested_otherl2___Microsporum,pathogen_testing,binary,Microsporum,test_pathtested_otherl2,[test_pathtested]='88'
2232,test_pathtested_otherl2___Middle East Respiratory Syndrome Coronavirus,pathogen_testing,binary,Middle East Respiratory Syndrome Coronavirus,test_pathtested_otherl2,[test_pathtested]='88'
2233,test_pathtested_otherl2___Moraxella,pathogen_testing,binary,Moraxella,test_pathtested_otherl2,[test_pathtested]='88'
2234,test_pathtested_otherl2___Moraxella catarrhalis,pathogen_testing,binary,Moraxella catarrhalis,test_pathtested_otherl2,[test_pathtested]='88'
2235,test_pathtested_otherl2___Morganella,pathogen_testing,binary,Morganella,test_pathtested_otherl2,[test_pathtested]='88'
2236,test_pathtested_otherl2___Morganella morganii,pathogen_testing,binary,Morganella morganii,test_pathtested_otherl2,[test_pathtested]='88'
2237,test_pathtested_otherl2___Mumps virus,pathogen_testing,binary,Mumps virus,test_pathtested_otherl2,[test_pathtested]='88'
2238,test_pathtested_otherl2___Mycobacterium,pathogen_testing,binary,Mycobacterium,test_pathtested_otherl2,[test_pathtested]='88'
2239,test_pathtested_otherl2___Mycobacterium tuberculosis,pathogen_testing,binary,Mycobacterium tuberculosis,test_pathtested_otherl2,[test_pathtested]='88'
2240,"test_pathtested_otherl2___Mycobacterium, non-tuberculosis",pathogen_testing,binary,"Mycobacterium, non-tuberculosis",test_pathtested_otherl2,[test_pathtested]='88'
2241,test_pathtested_otherl2___Neisseria meningitidis,pathogen_testing,binary,Neisseria meningitidis,test_pathtested_otherl2,[test_pathtested]='88'
2242,test_pathtested_otherl2___Neotestudina rosatii (Zopfia rosatii),pathogen_testing,binary,Neotestudina rosatii (Zopfia rosatii),test_pathtested_otherl2,[test_pathtested]='88'
2243,test_pathtested_otherl2___Nocardia asteroides,pathogen_testing,binary,Nocardia asteroides,test_pathtested_otherl2,[test_pathtested]='88'
2244,test_pathtested_otherl2___Nocardia brasiliensis,pathogen_testing,binary,Nocardia brasiliensis,test_pathtested_otherl2,[test_pathtested]='88'
2245,test_pathtested_otherl2___Norovirus,pathogen_testing,binary,Norovirus,test_pathtested_otherl2,[test_pathtested]='88'
2246,test_pathtested_otherl2___Onchocerca volvulus,pathogen_testing,binary,Onchocerca volvulus,test_pathtested_otherl2,[test_pathtested]='88'
2247,test_pathtested_otherl2___Orthomyxoviridae (influenza viruses),pathogen_testing,binary,Orthomyxoviridae (influenza viruses),test_pathtested_otherl2,[test_pathtested]='88'
2248,test_pathtested_otherl2___Paracoccidioides,pathogen_testing,binary,Paracoccidioides,test_pathtested_otherl2,[test_pathtested]='88'
2249,test_pathtested_otherl2___Paramyxoviridae,pathogen_testing,binary,Paramyxoviridae,test_pathtested_otherl2,[test_pathtested]='88'
2250,test_pathtested_otherl2___Plasmodium,pathogen_testing,binary,Plasmodium,test_pathtested_otherl2,[test_pathtested]='88'
2251,test_pathtested_otherl2___Plasmodium falciparum,pathogen_testing,binary,Plasmodium falciparum,test_pathtested_otherl2,[test_pathtested]='88'
2252,test_pathtested_otherl2___Plasmodium malariae,pathogen_testing,binary,Plasmodium malariae,test_pathtested_otherl2,[test_pathtested]='88'
2253,test_pathtested_otherl2___Plasmodium vivax,pathogen_testing,binary,Plasmodium vivax,test_pathtested_otherl2,[test_pathtested]='88'
2254,test_pathtested_otherl2___Pneumocystis,pathogen_testing,binary,Pneumocystis,test_pathtested_otherl2,[test_pathtested]='88'
2255,test_pathtested_otherl2___Prion diseases,pathogen_testing,binary,Prion diseases,test_pathtested_otherl2,[test_pathtested]='88'
2256,test_pathtested_otherl2___Proteus mirabilis,pathogen_testing,binary,Proteus mirabilis,test_pathtested_otherl2,[test_pathtested]='88'
2257,test_pathtested_otherl2___Providencia rettgeri,pathogen_testing,binary,Providencia rettgeri,test_pathtested_otherl2,[test_pathtested]='88'
2258,test_pathtested_otherl2___Providencia stuartii,pathogen_testing,binary,Providencia stuartii,test_pathtested_otherl2,[test_pathtested]='88'
2259,test_pathtested_otherl2___Pseudomonas,pathogen_testing,binary,Pseudomonas,test_pathtested_otherl2,[test_pathtested]='88'
2260,test_pathtested_otherl2___Pseudomonas fluorescens,pathogen_testing,binary,Pseudomonas fluorescens,test_pathtested_otherl2,[test_pathtested]='88'
2261,test_pathtested_otherl2___Rabies virus,pathogen_testing,binary,Rabies virus,test_pathtested_otherl2,[test_pathtested]='88'
2262,test_pathtested_otherl2___Raoultella,pathogen_testing,binary,Raoultella,test_pathtested_otherl2,[test_pathtested]='88'
2263,test_pathtested_otherl2___Raoultella ornithinolytica,pathogen_testing,binary,Raoultella ornithinolytica,test_pathtested_otherl2,[test_pathtested]='88'
2264,test_pathtested_otherl2___Raoultella planticola,pathogen_testing,binary,Raoultella planticola,test_pathtested_otherl2,[test_pathtested]='88'
2265,test_pathtested_otherl2___Respiratory Syncytial Virus (RSV),pathogen_testing,binary,Respiratory Syncytial Virus (RSV),test_pathtested_otherl2,[test_pathtested]='88'
2266,test_pathtested_otherl2___Retroviridae,pathogen_testing,binary,Retroviridae,test_pathtested_otherl2,[test_pathtested]='88'
2267,test_pathtested_otherl2___Rhabdoviridae,pathogen_testing,binary,Rhabdoviridae,test_pathtested_otherl2,[test_pathtested]='88'
2268,test_pathtested_otherl2___Rhizomucor,pathogen_testing,binary,Rhizomucor,test_pathtested_otherl2,[test_pathtested]='88'
2269,test_pathtested_otherl2___Ross River virus,pathogen_testing,binary,Ross River virus,test_pathtested_otherl2,[test_pathtested]='88'
2270,test_pathtested_otherl2___Rotavirus,pathogen_testing,binary,Rotavirus,test_pathtested_otherl2,[test_pathtested]='88'
2271,test_pathtested_otherl2___SARS-CoV-2,pathogen_testing,binary,SARS-CoV-2,test_pathtested_otherl2,[test_pathtested]='88'
2272,test_pathtested_otherl2___SARS-CoV-2  Beta - B.1.351,pathogen_testing,binary,SARS-CoV-2  Beta - B.1.351,test_pathtested_otherl2,[test_pathtested]='88'
2273,test_pathtested_otherl2___SARS-CoV-2  Delta - B.1.617.2,pathogen_testing,binary,SARS-CoV-2  Delta - B.1.617.2,test_pathtested_otherl2,[test_pathtested]='88'
2274,test_pathtested_otherl2___SARS-CoV-2  Eta - B.1.525,pathogen_testing,binary,SARS-CoV-2  Eta - B.1.525,test_pathtested_otherl2,[test_pathtested]='88'
2275,test_pathtested_otherl2___SARS-CoV-2  Iota - B.1.526,pathogen_testing,binary,SARS-CoV-2  Iota - B.1.526,test_pathtested_otherl2,[test_pathtested]='88'
2276,test_pathtested_otherl2___SARS-CoV-2  Kappa - B.1.617.1,pathogen_testing,binary,SARS-CoV-2  Kappa - B.1.617.1,test_pathtested_otherl2,[test_pathtested]='88'
2277,test_pathtested_otherl2___SARS-CoV-2  Omicron - B.1.1.529,pathogen_testing,binary,SARS-CoV-2  Omicron - B.1.1.529,test_pathtested_otherl2,[test_pathtested]='88'
2278,test_pathtested_otherl2___SARS-CoV-2  Omicron - B.1.1.529.5 BA.5,pathogen_testing,binary,SARS-CoV-2  Omicron - B.1.1.529.5 BA.5,test_pathtested_otherl2,[test_pathtested]='88'
2279,test_pathtested_otherl2___SARS-CoV-2 Antigen,pathogen_testing,binary,SARS-CoV-2 Antigen,test_pathtested_otherl2,[test_pathtested]='88'
2280,test_pathtested_otherl2___SARS-CoV-2 IgG Antibody,pathogen_testing,binary,SARS-CoV-2 IgG Antibody,test_pathtested_otherl2,[test_pathtested]='88'
2281,test_pathtested_otherl2___SARS-CoV-2 IgG/IgM Antibody,pathogen_testing,binary,SARS-CoV-2 IgG/IgM Antibody,test_pathtested_otherl2,[test_pathtested]='88'
2282,test_pathtested_otherl2___Sapovirus,pathogen_testing,binary,Sapovirus,test_pathtested_otherl2,[test_pathtested]='88'
2283,test_pathtested_otherl2___Scedosporium,pathogen_testing,binary,Scedosporium,test_pathtested_otherl2,[test_pathtested]='88'
2284,test_pathtested_otherl2___Schistosoma,pathogen_testing,binary,Schistosoma,test_pathtested_otherl2,[test_pathtested]='88'
2285,test_pathtested_otherl2___Schistosoma guineensis,pathogen_testing,binary,Schistosoma guineensis,test_pathtested_otherl2,[test_pathtested]='88'
2286,test_pathtested_otherl2___Schistosoma intercalatum,pathogen_testing,binary,Schistosoma intercalatum,test_pathtested_otherl2,[test_pathtested]='88'
2287,test_pathtested_otherl2___Serratia liquefaciens,pathogen_testing,binary,Serratia liquefaciens,test_pathtested_otherl2,[test_pathtested]='88'
2288,test_pathtested_otherl2___Serratia marcescens,pathogen_testing,binary,Serratia marcescens,test_pathtested_otherl2,[test_pathtested]='88'
2289,test_pathtested_otherl2___Serratia ureilytica,pathogen_testing,binary,Serratia ureilytica,test_pathtested_otherl2,[test_pathtested]='88'
2290,test_pathtested_otherl2___Severe Acute Respiratory Syndrome Coronavirus 2,pathogen_testing,binary,Severe Acute Respiratory Syndrome Coronavirus 2,test_pathtested_otherl2,[test_pathtested]='88'
2291,test_pathtested_otherl2___Severe fever with thrombocytopaenia syndrome (SFTS),pathogen_testing,binary,Severe fever with thrombocytopaenia syndrome (SFTS),test_pathtested_otherl2,[test_pathtested]='88'
2292,test_pathtested_otherl2___Shigella,pathogen_testing,binary,Shigella,test_pathtested_otherl2,[test_pathtested]='88'
2293,test_pathtested_otherl2___Shigella boydii,pathogen_testing,binary,Shigella boydii,test_pathtested_otherl2,[test_pathtested]='88'
2294,test_pathtested_otherl2___Shigella flexneri,pathogen_testing,binary,Shigella flexneri,test_pathtested_otherl2,[test_pathtested]='88'
2295,test_pathtested_otherl2___Staphylococcus aureus,pathogen_testing,binary,Staphylococcus aureus,test_pathtested_otherl2,[test_pathtested]='88'
2296,test_pathtested_otherl2___Staphylococcus capitis,pathogen_testing,binary,Staphylococcus capitis,test_pathtested_otherl2,[test_pathtested]='88'
2297,test_pathtested_otherl2___Staphylococcus cohnii,pathogen_testing,binary,Staphylococcus cohnii,test_pathtested_otherl2,[test_pathtested]='88'
2298,test_pathtested_otherl2___Staphylococcus haemolyticus,pathogen_testing,binary,Staphylococcus haemolyticus,test_pathtested_otherl2,[test_pathtested]='88'
2299,test_pathtested_otherl2___Staphylococcus hominis,pathogen_testing,binary,Staphylococcus hominis,test_pathtested_otherl2,[test_pathtested]='88'
2300,test_pathtested_otherl2___Staphylococcus hominis hominis,pathogen_testing,binary,Staphylococcus hominis hominis,test_pathtested_otherl2,[test_pathtested]='88'
2301,test_pathtested_otherl2___Staphylococcus lugdunensis,pathogen_testing,binary,Staphylococcus lugdunensis,test_pathtested_otherl2,[test_pathtested]='88'
2302,test_pathtested_otherl2___Staphylococcus simulans,pathogen_testing,binary,Staphylococcus simulans,test_pathtested_otherl2,[test_pathtested]='88'
2303,test_pathtested_otherl2___Staphylococcus warneri,pathogen_testing,binary,Staphylococcus warneri,test_pathtested_otherl2,[test_pathtested]='88'
2304,test_pathtested_otherl2___Stenotrophomonas,pathogen_testing,binary,Stenotrophomonas,test_pathtested_otherl2,[test_pathtested]='88'
2305,test_pathtested_otherl2___Streptococcus anginosus,pathogen_testing,binary,Streptococcus anginosus,test_pathtested_otherl2,[test_pathtested]='88'
2306,test_pathtested_otherl2___Streptococcus anginosus group,pathogen_testing,binary,Streptococcus anginosus group,test_pathtested_otherl2,[test_pathtested]='88'
2307,test_pathtested_otherl2___Streptococcus constellatus,pathogen_testing,binary,Streptococcus constellatus,test_pathtested_otherl2,[test_pathtested]='88'
2308,test_pathtested_otherl2___Streptococcus dysgalactiae,pathogen_testing,binary,Streptococcus dysgalactiae,test_pathtested_otherl2,[test_pathtested]='88'
2309,test_pathtested_otherl2___Streptococcus intermedius,pathogen_testing,binary,Streptococcus intermedius,test_pathtested_otherl2,[test_pathtested]='88'
2310,test_pathtested_otherl2___Streptococcus pneumoniae,pathogen_testing,binary,Streptococcus pneumoniae,test_pathtested_otherl2,[test_pathtested]='88'
2311,test_pathtested_otherl2___Streptococcus salivarius,pathogen_testing,binary,Streptococcus salivarius,test_pathtested_otherl2,[test_pathtested]='88'
2312,test_pathtested_otherl2___Streptococcus sanguinis,pathogen_testing,binary,Streptococcus sanguinis,test_pathtested_otherl2,[test_pathtested]='88'
2313,test_pathtested_otherl2___Streptococcus viridans,pathogen_testing,binary,Streptococcus viridans,test_pathtested_otherl2,[test_pathtested]='88'
2314,test_pathtested_otherl2___Taenia saginata,pathogen_testing,binary,Taenia saginata,test_pathtested_otherl2,[test_pathtested]='88'
2315,test_pathtested_otherl2___Talaromyces marneffei,pathogen_testing,binary,Talaromyces marneffei,test_pathtested_otherl2,[test_pathtested]='88'
2316,test_pathtested_otherl2___Toxoplasma gondii,pathogen_testing,binary,Toxoplasma gondii,test_pathtested_otherl2,[test_pathtested]='88'
2317,test_pathtested_otherl2___Trichomonas,pathogen_testing,binary,Trichomonas,test_pathtested_otherl2,[test_pathtested]='88'
2318,test_pathtested_otherl2___Trichomonas vaginalis,pathogen_testing,binary,Trichomonas vaginalis,test_pathtested_otherl2,[test_pathtested]='88'
2319,test_pathtested_otherl2___Trichuris trichiura,pathogen_testing,binary,Trichuris trichiura,test_pathtested_otherl2,[test_pathtested]='88'
2320,test_pathtested_otherl2___Trypanosoma,pathogen_testing,binary,Trypanosoma,test_pathtested_otherl2,[test_pathtested]='88'
2321,test_pathtested_otherl2___Vancomycin resistant Enterococcus (VRE),pathogen_testing,binary,Vancomycin resistant Enterococcus (VRE),test_pathtested_otherl2,[test_pathtested]='88'
2322,test_pathtested_otherl2___Vibrio cholerae,pathogen_testing,binary,Vibrio cholerae,test_pathtested_otherl2,[test_pathtested]='88'
2323,test_pathtested_otherl2___Vibrio parahaemolyticus,pathogen_testing,binary,Vibrio parahaemolyticus,test_pathtested_otherl2,[test_pathtested]='88'
2324,test_pathtested_otherl2___Vibrio vulnificus,pathogen_testing,binary,Vibrio vulnificus,test_pathtested_otherl2,[test_pathtested]='88'
2325,test_pathtested_otherl2___Yeast,pathogen_testing,binary,Yeast,test_pathtested_otherl2,[test_pathtested]='88'
2326,test_pathtested_otherl2___Other,pathogen_testing,binary,Other,test_pathtested_otherl2,[test_pathtested]='88'
2327,test_pathtested_otherl3,pathogen_testing,freetext,Specify other Pathogen tested / detected,test,[test_pathtested_otherl2]='88'
2328,test_result,pathogen_testing,categorical,Pathogen test result,test,[test_yn]='1'
2329,test_result___Detected,pathogen_testing,binary,Detected,test_result,[test_yn]='1'
2330,test_result___Not detected,pathogen_testing,binary,Not detected,test_result,[test_yn]='1'
2331,test_result___Equivocal,pathogen_testing,binary,Equivocal,test_result,[test_yn]='1'
2332,test_ctvalue,pathogen_testing,numeric,Cycle threshold (CT)  value,test,[test_result]='1' and [test_labtestmethod]='1'
2333,photo,photographs,section,PHOTOGRAPHS,,
2334,photo_date,photographs,date,Date of Image,photo,
2335,photo_type,photographs,categorical,What is being photographed?,photo,
2336,photo_type___Skin lesion,photographs,binary,Skin lesion,photo_type,
2337,photo_type___Mucosal lesion,photographs,binary,Mucosal lesion,photo_type,
2338,photo_type___Other,photographs,binary,Other,photo_type,
2339,photo_site,photographs,categorical,What part of the body is photographed?,photo,
2340,"photo_site___Head, neck or face",photographs,binary,"Head, neck or face",photo_site,
2341,photo_site___Inside of mouth,photographs,binary,Inside of mouth,photo_site,
2342,photo_site___Front torso,photographs,binary,Front torso,photo_site,
2343,photo_site___Back torso,photographs,binary,Back torso,photo_site,
2344,photo_site___Right arm or hand,photographs,binary,Right arm or hand,photo_site,
2345,photo_site___Left arm or hand,photographs,binary,Left arm or hand,photo_site,
2346,photo_site___Peri-anal,photographs,binary,Peri-anal,photo_site,
2347,photo_site___Pubic region,photographs,binary,Pubic region,photo_site,
2348,photo_site___Right leg or foot,photographs,binary,Right leg or foot,photo_site,
2349,photo_site___Left leg or foot,photographs,binary,Left leg or foot,photo_site,
2350,photo_site___Other,photographs,binary,Other,photo_site,
2351,photo_site_oth,photographs,freetext,Specify other location,photo,[photo_site]='88'
2352,photo_sampleyn,photographs,categorical,Was a sample of the photographed area taken?,photo,
2353,photo_sampleyn___Yes,photographs,binary,Yes,photo_sampleyn,
2354,photo_sampleyn___No,photographs,binary,No,photo_sampleyn,
2355,photo_sampleid,photographs,freetext,Please enter the sample ID,photo,[photo_sampleyn] = '1'
2356,photo_desc,photographs,freetext,Please provide any other relevant additional description of the photo or it's location.,photo,
2357,diagn,outcome,section,DIAGNOSIS,,
2358,diagn_primary,outcome,categorical,Primary diagnosis,diagn,
2359,diagn_primary___Bacterial infection,outcome,binary,Bacterial infection,diagn_primary,
2360,diagn_primary___Chickenpox (Varicella),outcome,binary,Chickenpox (Varicella),diagn_primary,
2361,diagn_primary___Herpes simplex virus infection (HSV),outcome,binary,Herpes simplex virus infection (HSV),diagn_primary,
2362,diagn_primary___Human immunodeficiency virus infection (HIV infection),outcome,binary,Human immunodeficiency virus infection (HIV infection),diagn_primary,
2363,diagn_primary___Mpox,outcome,binary,Mpox,diagn_primary,
2364,diagn_primary___Other,outcome,binary,Other,diagn_primary,
2365,diagn_primary_type,outcome,categorical,Type of diagnosis,diagn,
2366,diagn_primary_type___Clinical diagnosis,outcome,binary,Clinical diagnosis,diagn_primary_type,
2367,diagn_primary_type___Lab-confirmed,outcome,binary,Lab-confirmed,diagn_primary_type,
2368,"diagn_primary_type___Radiologically confirmed (e.g., chest X-ray, CT)",outcome,binary,"Radiologically confirmed (e.g., chest X-ray, CT)",diagn_primary_type,
2369,diagn_primary_type___Other,outcome,binary,Other,diagn_primary_type,
2370,diagn_primary_otherl2,outcome,categorical,Select Primary diagnosis,diagn,[diagn_primary]='88'
2371,diagn_primary_otherl2___Adenovirus,outcome,binary,Adenovirus,diagn_primary_otherl2,[diagn_primary]='88'
2372,diagn_primary_otherl2___Andes virus infection (hantavirus),outcome,binary,Andes virus infection (hantavirus),diagn_primary_otherl2,[diagn_primary]='88'
2373,diagn_primary_otherl2___Argentine haemorrhagic fever (Junin virus),outcome,binary,Argentine haemorrhagic fever (Junin virus),diagn_primary_otherl2,[diagn_primary]='88'
2374,diagn_primary_otherl2___Avian influenza A H7N9/ H5N1/ H5N8/ H7N7,outcome,binary,Avian influenza A H7N9/ H5N1/ H5N8/ H7N7,diagn_primary_otherl2,[diagn_primary]='88'
2375,diagn_primary_otherl2___Bolivian haemorrhagic fever (Machupo virus),outcome,binary,Bolivian haemorrhagic fever (Machupo virus),diagn_primary_otherl2,[diagn_primary]='88'
2376,diagn_primary_otherl2___COVID-19 (SARS-CoV-2),outcome,binary,COVID-19 (SARS-CoV-2),diagn_primary_otherl2,[diagn_primary]='88'
2377,diagn_primary_otherl2___Crimean Congo haemorrhagic fever (CCHF),outcome,binary,Crimean Congo haemorrhagic fever (CCHF),diagn_primary_otherl2,[diagn_primary]='88'
2378,diagn_primary_otherl2___Dengue,outcome,binary,Dengue,diagn_primary_otherl2,[diagn_primary]='88'
2379,diagn_primary_otherl2___Ebola virus disease (EVD),outcome,binary,Ebola virus disease (EVD),diagn_primary_otherl2,[diagn_primary]='88'
2380,diagn_primary_otherl2___Enterovirus,outcome,binary,Enterovirus,diagn_primary_otherl2,[diagn_primary]='88'
2381,diagn_primary_otherl2___Exposure to CBRN agent,outcome,binary,Exposure to CBRN agent,diagn_primary_otherl2,[diagn_primary]='88'
2382,diagn_primary_otherl2___Exposure to Harmful Energy,outcome,binary,Exposure to Harmful Energy,diagn_primary_otherl2,[diagn_primary]='88'
2383,diagn_primary_otherl2___HSV,outcome,binary,HSV,diagn_primary_otherl2,[diagn_primary]='88'
2384,"diagn_primary_otherl2___Hepatitis (general, unspecified)",outcome,binary,"Hepatitis (general, unspecified)",diagn_primary_otherl2,[diagn_primary]='88'
2385,diagn_primary_otherl2___Influenza A H1N1,outcome,binary,Influenza A H1N1,diagn_primary_otherl2,[diagn_primary]='88'
2386,diagn_primary_otherl2___Influenza A H5N1,outcome,binary,Influenza A H5N1,diagn_primary_otherl2,[diagn_primary]='88'
2387,diagn_primary_otherl2___Influenza A H5N8,outcome,binary,Influenza A H5N8,diagn_primary_otherl2,[diagn_primary]='88'
2388,diagn_primary_otherl2___Influenza A H7N7,outcome,binary,Influenza A H7N7,diagn_primary_otherl2,[diagn_primary]='88'
2389,diagn_primary_otherl2___Influenza A H7N9,outcome,binary,Influenza A H7N9,diagn_primary_otherl2,[diagn_primary]='88'
2390,diagn_primary_otherl2___Influenza A virus,outcome,binary,Influenza A virus,diagn_primary_otherl2,[diagn_primary]='88'
2391,diagn_primary_otherl2___Influenza B virus,outcome,binary,Influenza B virus,diagn_primary_otherl2,[diagn_primary]='88'
2392,diagn_primary_otherl2___Influenza virus,outcome,binary,Influenza virus,diagn_primary_otherl2,[diagn_primary]='88'
2393,diagn_primary_otherl2___JE,outcome,binary,JE,diagn_primary_otherl2,[diagn_primary]='88'
2394,diagn_primary_otherl2___Lassa fever,outcome,binary,Lassa fever,diagn_primary_otherl2,[diagn_primary]='88'
2395,diagn_primary_otherl2___Lujo virus disease,outcome,binary,Lujo virus disease,diagn_primary_otherl2,[diagn_primary]='88'
2396,diagn_primary_otherl2___Marburg virus disease (MVD),outcome,binary,Marburg virus disease (MVD),diagn_primary_otherl2,[diagn_primary]='88'
2397,diagn_primary_otherl2___Measles,outcome,binary,Measles,diagn_primary_otherl2,[diagn_primary]='88'
2398,diagn_primary_otherl2___Middle East respiratory syndrome (MERS),outcome,binary,Middle East respiratory syndrome (MERS),diagn_primary_otherl2,[diagn_primary]='88'
2399,diagn_primary_otherl2___Nipah,outcome,binary,Nipah,diagn_primary_otherl2,[diagn_primary]='88'
2400,diagn_primary_otherl2___Oropouche,outcome,binary,Oropouche,diagn_primary_otherl2,[diagn_primary]='88'
2401,diagn_primary_otherl2___Pneumonic plague (Yersinia pestis),outcome,binary,Pneumonic plague (Yersinia pestis),diagn_primary_otherl2,[diagn_primary]='88'
2402,diagn_primary_otherl2___Respiratory syncytial virus infection (RSV),outcome,binary,Respiratory syncytial virus infection (RSV),diagn_primary_otherl2,[diagn_primary]='88'
2403,diagn_primary_otherl2___Severe Acute paediatric hepatitis,outcome,binary,Severe Acute paediatric hepatitis,diagn_primary_otherl2,[diagn_primary]='88'
2404,diagn_primary_otherl2___Severe acute respiratory syndrome (SARS-not COVID-19),outcome,binary,Severe acute respiratory syndrome (SARS-not COVID-19),diagn_primary_otherl2,[diagn_primary]='88'
2405,diagn_primary_otherl2___Severe fever with thrombocytopaenia syndrome (SFTS),outcome,binary,Severe fever with thrombocytopaenia syndrome (SFTS),diagn_primary_otherl2,[diagn_primary]='88'
2406,diagn_primary_otherl2___Undefined influenza,outcome,binary,Undefined influenza,diagn_primary_otherl2,[diagn_primary]='88'
2407,diagn_primary_otherl2___Other,outcome,binary,Other,diagn_primary_otherl2,[diagn_primary]='88'
2408,diagn_primary_otherl3,outcome,freetext,Specify other Primary diagnosis,diagn,[diagn_primary_otherl2]='88'
2409,diagn_secondary,outcome,categorical,Secondary diagnosis,diagn,
2410,diagn_secondary___Bacterial infection,outcome,binary,Bacterial infection,diagn_secondary,
2411,diagn_secondary___Chickenpox (Varicella),outcome,binary,Chickenpox (Varicella),diagn_secondary,
2412,diagn_secondary___Herpes simplex virus infection (HSV),outcome,binary,Herpes simplex virus infection (HSV),diagn_secondary,
2413,diagn_secondary___Human immunodeficiency virus infection (HIV infection),outcome,binary,Human immunodeficiency virus infection (HIV infection),diagn_secondary,
2414,diagn_secondary___Mpox,outcome,binary,Mpox,diagn_secondary,
2415,diagn_secondary___Other,outcome,binary,Other,diagn_secondary,
2416,diagn_secondary_type,outcome,categorical,Type of diagnosis,diagn,
2417,diagn_secondary_type___Clinical diagnosis,outcome,binary,Clinical diagnosis,diagn_secondary_type,
2418,diagn_secondary_type___Lab-confirmed,outcome,binary,Lab-confirmed,diagn_secondary_type,
2419,"diagn_secondary_type___Radiologically confirmed (e.g., chest X-ray, CT)",outcome,binary,"Radiologically confirmed (e.g., chest X-ray, CT)",diagn_secondary_type,
2420,diagn_secondary_type___Other,outcome,binary,Other,diagn_secondary_type,
2421,diagn_secondary_otherl2,outcome,categorical,Select Secondary diagnosis,diagn,[diagn_secondary]='88'
2422,diagn_secondary_otherl2___Argentine haemorrhagic fever (Junin virus),outcome,binary,Argentine haemorrhagic fever (Junin virus),diagn_secondary_otherl2,[diagn_secondary]='88'
2423,diagn_secondary_otherl2___Bolivian haemorrhagic fever (Machupo virus),outcome,binary,Bolivian haemorrhagic fever (Machupo virus),diagn_secondary_otherl2,[diagn_secondary]='88'
2424,diagn_secondary_otherl2___Dengue,outcome,binary,Dengue,diagn_secondary_otherl2,[diagn_secondary]='88'
2425,diagn_secondary_otherl2___Exposure to Harmful Energy,outcome,binary,Exposure to Harmful Energy,diagn_secondary_otherl2,[diagn_secondary]='88'
2426,diagn_secondary_otherl2___Influenza A H5N1,outcome,binary,Influenza A H5N1,diagn_secondary_otherl2,[diagn_secondary]='88'
2427,diagn_secondary_otherl2___Influenza A H5N8,outcome,binary,Influenza A H5N8,diagn_secondary_otherl2,[diagn_secondary]='88'
2428,diagn_secondary_otherl2___Influenza A H7N7,outcome,binary,Influenza A H7N7,diagn_secondary_otherl2,[diagn_secondary]='88'
2429,diagn_secondary_otherl2___Influenza A H7N9,outcome,binary,Influenza A H7N9,diagn_secondary_otherl2,[diagn_secondary]='88'
2430,diagn_secondary_otherl2___Influenza B virus,outcome,binary,Influenza B virus,diagn_secondary_otherl2,[diagn_secondary]='88'
2431,diagn_secondary_otherl2___Influenza virus,outcome,binary,Influenza virus,diagn_secondary_otherl2,[diagn_secondary]='88'
2432,diagn_secondary_otherl2___JE,outcome,binary,JE,diagn_secondary_otherl2,[diagn_secondary]='88'
2433,diagn_secondary_otherl2___Lujo virus disease,outcome,binary,Lujo virus disease,diagn_secondary_otherl2,[diagn_secondary]='88'
2434,diagn_secondary_otherl2___Marburg virus disease (MVD),outcome,binary,Marburg virus disease (MVD),diagn_secondary_otherl2,[diagn_secondary]='88'
2435,diagn_secondary_otherl2___Measles,outcome,binary,Measles,diagn_secondary_otherl2,[diagn_secondary]='88'
2436,diagn_secondary_otherl2___Middle East respiratory syndrome (MERS),outcome,binary,Middle East respiratory syndrome (MERS),diagn_secondary_otherl2,[diagn_secondary]='88'
2437,diagn_secondary_otherl2___Nipah,outcome,binary,Nipah,diagn_secondary_otherl2,[diagn_secondary]='88'
2438,diagn_secondary_otherl2___Pneumonic plague (Yersinia pestis),outcome,binary,Pneumonic plague (Yersinia pestis),diagn_secondary_otherl2,[diagn_secondary]='88'
2439,diagn_secondary_otherl2___Respiratory syncytial virus infection (RSV),outcome,binary,Respiratory syncytial virus infection (RSV),diagn_secondary_otherl2,[diagn_secondary]='88'
2440,diagn_secondary_otherl2___Severe acute respiratory syndrome (SARS-not COVID-19),outcome,binary,Severe acute respiratory syndrome (SARS-not COVID-19),diagn_secondary_otherl2,[diagn_secondary]='88'
2441,diagn_secondary_otherl2___Severe fever with thrombocytopaenia syndrome (SFTS),outcome,binary,Severe fever with thrombocytopaenia syndrome (SFTS),diagn_secondary_otherl2,[diagn_secondary]='88'
2442,diagn_secondary_otherl2___Undefined influenza,outcome,binary,Undefined influenza,diagn_secondary_otherl2,[diagn_secondary]='88'
2443,diagn_secondary_otherl2___Other,outcome,binary,Other,diagn_secondary_otherl2,[diagn_secondary]='88'
2444,diagn_secondary_otherl3,outcome,freetext,Specify other Secondary diagnosis,diagn,[diagn_secondary_otherl2]='88'
2445,diagn_additional,outcome,categorical,Additional diagnosis,diagn,
2446,diagn_additional___Bacterial infection,outcome,binary,Bacterial infection,diagn_additional,
2447,diagn_additional___Chickenpox (Varicella),outcome,binary,Chickenpox (Varicella),diagn_additional,
2448,diagn_additional___Herpes simplex virus infection (HSV),outcome,binary,Herpes simplex virus infection (HSV),diagn_additional,
2449,diagn_additional___Human immunodeficiency virus infection (HIV infection),outcome,binary,Human immunodeficiency virus infection (HIV infection),diagn_additional,
2450,diagn_additional___Mpox,outcome,binary,Mpox,diagn_additional,
2451,diagn_additional___Other,outcome,binary,Other,diagn_additional,
2452,diagn_additional_type,outcome,categorical,Type of diagnosis,diagn,
2453,diagn_additional_type___Clinical diagnosis,outcome,binary,Clinical diagnosis,diagn_additional_type,
2454,diagn_additional_type___Lab-confirmed,outcome,binary,Lab-confirmed,diagn_additional_type,
2455,"diagn_additional_type___Radiologically confirmed (e.g., chest X-ray, CT)",outcome,binary,"Radiologically confirmed (e.g., chest X-ray, CT)",diagn_additional_type,
2456,diagn_additional_type___Other,outcome,binary,Other,diagn_additional_type,
2457,diagn_additional2,outcome,categorical,Additional diagnosis,diagn,
2458,diagn_additional2___Bacterial infection,outcome,binary,Bacterial infection,diagn_additional2,
2459,diagn_additional2___Chickenpox (Varicella),outcome,binary,Chickenpox (Varicella),diagn_additional2,
2460,diagn_additional2___Herpes simplex virus infection (HSV),outcome,binary,Herpes simplex virus infection (HSV),diagn_additional2,
2461,diagn_additional2___Human immunodeficiency virus infection (HIV infection),outcome,binary,Human immunodeficiency virus infection (HIV infection),diagn_additional2,
2462,diagn_additional2___Mpox,outcome,binary,Mpox,diagn_additional2,
2463,diagn_additional2___Other,outcome,binary,Other,diagn_additional2,
2464,diagn_additional2_type,outcome,categorical,Type of diagnosis,diagn,
2465,diagn_additional2_type___Clinical diagnosis,outcome,binary,Clinical diagnosis,diagn_additional2_type,
2466,diagn_additional2_type___Lab-confirmed,outcome,binary,Lab-confirmed,diagn_additional2_type,
2467,"diagn_additional2_type___Radiologically confirmed (e.g., chest X-ray, CT)",outcome,binary,"Radiologically confirmed (e.g., chest X-ray, CT)",diagn_additional2_type,
2468,diagn_additional2_type___Other,outcome,binary,Other,diagn_additional2_type,
2469,diagn_additional2_otherl2,outcome,categorical,Select Additional diagnosis,diagn,[diagn_additional2]='88'
2470,diagn_additional2_otherl2___Adenovirus,outcome,binary,Adenovirus,diagn_additional2_otherl2,[diagn_additional2]='88'
2471,diagn_additional2_otherl2___Andes virus infection (hantavirus),outcome,binary,Andes virus infection (hantavirus),diagn_additional2_otherl2,[diagn_additional2]='88'
2472,diagn_additional2_otherl2___Argentine haemorrhagic fever (Junin virus),outcome,binary,Argentine haemorrhagic fever (Junin virus),diagn_additional2_otherl2,[diagn_additional2]='88'
2473,diagn_additional2_otherl2___Avian influenza A H7N9/ H5N1/ H5N8/ H7N7,outcome,binary,Avian influenza A H7N9/ H5N1/ H5N8/ H7N7,diagn_additional2_otherl2,[diagn_additional2]='88'
2474,diagn_additional2_otherl2___Bolivian haemorrhagic fever (Machupo virus),outcome,binary,Bolivian haemorrhagic fever (Machupo virus),diagn_additional2_otherl2,[diagn_additional2]='88'
2475,diagn_additional2_otherl2___COVID-19 (SARS-CoV-2),outcome,binary,COVID-19 (SARS-CoV-2),diagn_additional2_otherl2,[diagn_additional2]='88'
2476,diagn_additional2_otherl2___Dengue,outcome,binary,Dengue,diagn_additional2_otherl2,[diagn_additional2]='88'
2477,diagn_additional2_otherl2___Ebola virus disease (EVD),outcome,binary,Ebola virus disease (EVD),diagn_additional2_otherl2,[diagn_additional2]='88'
2478,diagn_additional2_otherl2___Enterovirus,outcome,binary,Enterovirus,diagn_additional2_otherl2,[diagn_additional2]='88'
2479,diagn_additional2_otherl2___Exposure to CBRN agent,outcome,binary,Exposure to CBRN agent,diagn_additional2_otherl2,[diagn_additional2]='88'
2480,diagn_additional2_otherl2___Exposure to Harmful Energy,outcome,binary,Exposure to Harmful Energy,diagn_additional2_otherl2,[diagn_additional2]='88'
2481,diagn_additional2_otherl2___HSV,outcome,binary,HSV,diagn_additional2_otherl2,[diagn_additional2]='88'
2482,"diagn_additional2_otherl2___Hepatitis (general, unspecified)",outcome,binary,"Hepatitis (general, unspecified)",diagn_additional2_otherl2,[diagn_additional2]='88'
2483,diagn_additional2_otherl2___Influenza A H1N1,outcome,binary,Influenza A H1N1,diagn_additional2_otherl2,[diagn_additional2]='88'
2484,diagn_additional2_otherl2___Influenza A H5N1,outcome,binary,Influenza A H5N1,diagn_additional2_otherl2,[diagn_additional2]='88'
2485,diagn_additional2_otherl2___Influenza A H5N8,outcome,binary,Influenza A H5N8,diagn_additional2_otherl2,[diagn_additional2]='88'
2486,diagn_additional2_otherl2___Influenza A H7N9,outcome,binary,Influenza A H7N9,diagn_additional2_otherl2,[diagn_additional2]='88'
2487,diagn_additional2_otherl2___Influenza A virus,outcome,binary,Influenza A virus,diagn_additional2_otherl2,[diagn_additional2]='88'
2488,diagn_additional2_otherl2___Influenza B virus,outcome,binary,Influenza B virus,diagn_additional2_otherl2,[diagn_additional2]='88'
2489,diagn_additional2_otherl2___JE,outcome,binary,JE,diagn_additional2_otherl2,[diagn_additional2]='88'
2490,diagn_additional2_otherl2___Lassa fever,outcome,binary,Lassa fever,diagn_additional2_otherl2,[diagn_additional2]='88'
2491,diagn_additional2_otherl2___Lujo virus disease,outcome,binary,Lujo virus disease,diagn_additional2_otherl2,[diagn_additional2]='88'
2492,diagn_additional2_otherl2___Marburg virus disease (MVD),outcome,binary,Marburg virus disease (MVD),diagn_additional2_otherl2,[diagn_additional2]='88'
2493,diagn_additional2_otherl2___Measles,outcome,binary,Measles,diagn_additional2_otherl2,[diagn_additional2]='88'
2494,diagn_additional2_otherl2___Middle East respiratory syndrome (MERS),outcome,binary,Middle East respiratory syndrome (MERS),diagn_additional2_otherl2,[diagn_additional2]='88'
2495,diagn_additional2_otherl2___Oropouche,outcome,binary,Oropouche,diagn_additional2_otherl2,[diagn_additional2]='88'
2496,diagn_additional2_otherl2___Pneumonic plague (Yersinia pestis),outcome,binary,Pneumonic plague (Yersinia pestis),diagn_additional2_otherl2,[diagn_additional2]='88'
2497,diagn_additional2_otherl2___Respiratory syncytial virus infection (RSV),outcome,binary,Respiratory syncytial virus infection (RSV),diagn_additional2_otherl2,[diagn_additional2]='88'
2498,diagn_additional2_otherl2___Severe Acute paediatric hepatitis,outcome,binary,Severe Acute paediatric hepatitis,diagn_additional2_otherl2,[diagn_additional2]='88'
2499,diagn_additional2_otherl2___Severe acute respiratory syndrome (SARS-not COVID-19),outcome,binary,Severe acute respiratory syndrome (SARS-not COVID-19),diagn_additional2_otherl2,[diagn_additional2]='88'
2500,diagn_additional2_otherl2___Severe fever with thrombocytopaenia syndrome (SFTS),outcome,binary,Severe fever with thrombocytopaenia syndrome (SFTS),diagn_additional2_otherl2,[diagn_additional2]='88'
2501,diagn_additional2_otherl2___Undefined influenza,outcome,binary,Undefined influenza,diagn_additional2_otherl2,[diagn_additional2]='88'
2502,diagn_additional2_otherl2___Other,outcome,binary,Other,diagn_additional2_otherl2,[diagn_additional2]='88'
2503,diagn_additional2_otherl3,outcome,freetext,Specify other Additional diagnosis,diagn,[diagn_additional2_otherl2]='88'
2504,diagn_additional_otherl2,outcome,categorical,Select Additional diagnosis,diagn,[diagn_additional]='88'
2505,diagn_additional_otherl2___Adenovirus,outcome,binary,Adenovirus,diagn_additional_otherl2,[diagn_additional]='88'
2506,diagn_additional_otherl2___Andes virus infection (hantavirus),outcome,binary,Andes virus infection (hantavirus),diagn_additional_otherl2,[diagn_additional]='88'
2507,diagn_additional_otherl2___Argentine haemorrhagic fever (Junin virus),outcome,binary,Argentine haemorrhagic fever (Junin virus),diagn_additional_otherl2,[diagn_additional]='88'
2508,diagn_additional_otherl2___Bolivian haemorrhagic fever (Machupo virus),outcome,binary,Bolivian haemorrhagic fever (Machupo virus),diagn_additional_otherl2,[diagn_additional]='88'
2509,diagn_additional_otherl2___Crimean Congo haemorrhagic fever (CCHF),outcome,binary,Crimean Congo haemorrhagic fever (CCHF),diagn_additional_otherl2,[diagn_additional]='88'
2510,diagn_additional_otherl2___Ebola virus disease (EVD),outcome,binary,Ebola virus disease (EVD),diagn_additional_otherl2,[diagn_additional]='88'
2511,diagn_additional_otherl2___Enterovirus,outcome,binary,Enterovirus,diagn_additional_otherl2,[diagn_additional]='88'
2512,diagn_additional_otherl2___Exposure to CBRN agent,outcome,binary,Exposure to CBRN agent,diagn_additional_otherl2,[diagn_additional]='88'
2513,diagn_additional_otherl2___Exposure to Harmful Energy,outcome,binary,Exposure to Harmful Energy,diagn_additional_otherl2,[diagn_additional]='88'
2514,diagn_additional_otherl2___HSV,outcome,binary,HSV,diagn_additional_otherl2,[diagn_additional]='88'
2515,"diagn_additional_otherl2___Hepatitis (general, unspecified)",outcome,binary,"Hepatitis (general, unspecified)",diagn_additional_otherl2,[diagn_additional]='88'
2516,diagn_additional_otherl2___Influenza A H1N1,outcome,binary,Influenza A H1N1,diagn_additional_otherl2,[diagn_additional]='88'
2517,diagn_additional_otherl2___Influenza A H5N8,outcome,binary,Influenza A H5N8,diagn_additional_otherl2,[diagn_additional]='88'
2518,diagn_additional_otherl2___Influenza A H7N7,outcome,binary,Influenza A H7N7,diagn_additional_otherl2,[diagn_additional]='88'
2519,diagn_additional_otherl2___Influenza B virus,outcome,binary,Influenza B virus,diagn_additional_otherl2,[diagn_additional]='88'
2520,diagn_additional_otherl2___Influenza virus,outcome,binary,Influenza virus,diagn_additional_otherl2,[diagn_additional]='88'
2521,diagn_additional_otherl2___JE,outcome,binary,JE,diagn_additional_otherl2,[diagn_additional]='88'
2522,diagn_additional_otherl2___Lassa fever,outcome,binary,Lassa fever,diagn_additional_otherl2,[diagn_additional]='88'
2523,diagn_additional_otherl2___Lujo virus disease,outcome,binary,Lujo virus disease,diagn_additional_otherl2,[diagn_additional]='88'
2524,diagn_additional_otherl2___Marburg virus disease (MVD),outcome,binary,Marburg virus disease (MVD),diagn_additional_otherl2,[diagn_additional]='88'
2525,diagn_additional_otherl2___Measles,outcome,binary,Measles,diagn_additional_otherl2,[diagn_additional]='88'
2526,diagn_additional_otherl2___Nipah,outcome,binary,Nipah,diagn_additional_otherl2,[diagn_additional]='88'
2527,diagn_additional_otherl2___Oropouche,outcome,binary,Oropouche,diagn_additional_otherl2,[diagn_additional]='88'
2528,diagn_additional_otherl2___Pneumonic plague (Yersinia pestis),outcome,binary,Pneumonic plague (Yersinia pestis),diagn_additional_otherl2,[diagn_additional]='88'
2529,diagn_additional_otherl2___Respiratory syncytial virus infection (RSV),outcome,binary,Respiratory syncytial virus infection (RSV),diagn_additional_otherl2,[diagn_additional]='88'
2530,diagn_additional_otherl2___Severe acute respiratory syndrome (SARS-not COVID-19),outcome,binary,Severe acute respiratory syndrome (SARS-not COVID-19),diagn_additional_otherl2,[diagn_additional]='88'
2531,diagn_additional_otherl2___Severe fever with thrombocytopaenia syndrome (SFTS),outcome,binary,Severe fever with thrombocytopaenia syndrome (SFTS),diagn_additional_otherl2,[diagn_additional]='88'
2532,diagn_additional_otherl2___Other,outcome,binary,Other,diagn_additional_otherl2,[diagn_additional]='88'
2533,diagn_additional_otherl3,outcome,freetext,Specify other Additional diagnosis,diagn,[diagn_additional_otherl2]='88'
2534,diagn_mpox_clade,outcome,categorical,Mpox clade,diagn,[diagn_primary]='33' or [diagn_secondary]='33' or [diagn_additional]='33' or [diagn_additional2]='33'
2535,diagn_mpox_clade___Ia,outcome,binary,Ia,diagn_mpox_clade,[diagn_primary]='33' or [diagn_secondary]='33' or [diagn_additional]='33' or [diagn_additional2]='33'
2536,diagn_mpox_clade___Ib,outcome,binary,Ib,diagn_mpox_clade,[diagn_primary]='33' or [diagn_secondary]='33' or [diagn_additional]='33' or [diagn_additional2]='33'
2537,diagn_mpox_clade___I sub-type unknown,outcome,binary,I sub-type unknown,diagn_mpox_clade,[diagn_primary]='33' or [diagn_secondary]='33' or [diagn_additional]='33' or [diagn_additional2]='33'
2538,diagn_mpox_clade___IIa,outcome,binary,IIa,diagn_mpox_clade,[diagn_primary]='33' or [diagn_secondary]='33' or [diagn_additional]='33' or [diagn_additional2]='33'
2539,diagn_mpox_clade___IIb,outcome,binary,IIb,diagn_mpox_clade,[diagn_primary]='33' or [diagn_secondary]='33' or [diagn_additional]='33' or [diagn_additional2]='33'
2540,diagn_mpox_clade___II sub-type unknown,outcome,binary,II sub-type unknown,diagn_mpox_clade,[diagn_primary]='33' or [diagn_secondary]='33' or [diagn_additional]='33' or [diagn_additional2]='33'
2541,diagn_mpox_clade___Not done,outcome,binary,Not done,diagn_mpox_clade,[diagn_primary]='33' or [diagn_secondary]='33' or [diagn_additional]='33' or [diagn_additional2]='33'
2542,diagn_mpox_clade___Other,outcome,binary,Other,diagn_mpox_clade,[diagn_primary]='33' or [diagn_secondary]='33' or [diagn_additional]='33' or [diagn_additional2]='33'
2543,diagn_bacte,outcome,freetext,Bacterial infection (specify),diagn,[diagn_primary]='5' or [diagn_secondary]='5' or [diagn_additional]='5' or [diagn_additional2]='5'
2544,diagn_bacte_cont,outcome,categorical,Bacterial infection (if Lab confirmed),diagn,[diagn_primary]='5' or [diagn_secondary]='5' or [diagn_additional]='5' or [diagn_additional2]='5'
2545,diagn_bacte_cont___Community acquired,outcome,binary,Community acquired,diagn_bacte_cont,[diagn_primary]='5' or [diagn_secondary]='5' or [diagn_additional]='5' or [diagn_additional2]='5'
2546,diagn_bacte_cont___Hospital acquired,outcome,binary,Hospital acquired,diagn_bacte_cont,[diagn_primary]='5' or [diagn_secondary]='5' or [diagn_additional]='5' or [diagn_additional2]='5'
2547,compl,outcome,section,COMPLICATIONS,,
2548,compl_neurological,outcome,freetext,Neurological complications,compl,
2549,compl_strokecva,outcome,binary,Stroke / cerebrovascular accident,compl,
2550,compl_severeneuro,outcome,binary,Severe neurological disease,compl,
2551,compl_encephalopathy,outcome,binary,Encephalopathy,compl,
2552,compl_seizure,outcome,binary,Seizure,compl,
2553,compl_focalneuro,outcome,binary,Focal neurological signs,compl,
2554,compl_encephalitis,outcome,binary,Encephalitis,compl,
2555,compl_meningitis,outcome,binary,Meningitis,compl,
2556,compl_gbs,outcome,binary,Guillain-Barre syndrome (GBS),compl,
2557,compl_cvs,outcome,freetext,Cardiovascular complications,compl,
2558,compl_cardiacisc,outcome,binary,Cardiac ischaemia,compl,
2559,compl_endocardit,outcome,binary,Endocarditis,compl,
2560,compl_cardiomyop,outcome,binary,Cardiomyopathy,compl,
2561,compl_chf,outcome,binary,Congestive heart failure,compl,
2562,compl_cardiarrhy,outcome,binary,Cardiac arrhythmia,compl,
2563,compl_cardiarrest,outcome,binary,Cardiac arrest,compl,
2564,compl_myocarditis,outcome,binary,Myocarditis,compl,
2565,compl_pericarditis,outcome,binary,Pericarditis,compl,
2566,compl_respiratory,outcome,freetext,Respiratory complications,compl,
2567,compl_viralpneum,outcome,binary,Viral pneumonia / pneumonitis,compl,
2568,compl_bacpneumo,outcome,binary,Bacterial pneumonia,compl,
2569,compl_pleuraleff,outcome,binary,Pleural effusion,compl,
2570,compl_copneumoni,outcome,binary,Cryptogenic organising pneumonia (COP),compl,
2571,compl_bronchioli,outcome,binary,Bronchiolitis,compl,
2572,compl_ards,outcome,binary,Acute Respiratory Distress Syndrome (ARDS),compl,
2573,compl_git,outcome,freetext,Gastrointestinal complications,compl,
2574,compl_pancreatit,outcome,binary,Pancreatitis,compl,
2575,compl_acutehepat,outcome,binary,Acute hepatitis,compl,
2576,compl_severeliver,outcome,binary,Severe liver disease (new onset),compl,
2577,compl_hepaticenc,outcome,binary,Hepatic encephalopathy (any grade),compl,[compl_severeliver] = '1'
2578,compl_jaundice,outcome,binary,Jaundice,compl,
2579,compl_heme,outcome,freetext,Haematological complications,compl,
2580,compl_thrombemb,outcome,binary,Thromboembolism,compl,
2581,compl_severebleed,outcome,binary,Severe bleeding (requiring intervention),compl,
2582,compl_severebleed_site,outcome,checkbox,Severe bleeding site(s),compl,[compl_severebleed] = '1'
2583,compl_severebleed_site___Skin,outcome,binary,Skin,compl_severebleed_site,[compl_severebleed] = '1'
2584,compl_severebleed_site___Petechiae,outcome,binary,Petechiae,compl_severebleed_site,[compl_severebleed] = '1'
2585,compl_severebleed_site___Nose,outcome,binary,Nose,compl_severebleed_site,[compl_severebleed] = '1'
2586,compl_severebleed_site___Gums,outcome,binary,Gums,compl_severebleed_site,[compl_severebleed] = '1'
2587,compl_severebleed_site___GI tract,outcome,binary,GI tract,compl_severebleed_site,[compl_severebleed] = '1'
2588,compl_severebleed_site___Urinary tract,outcome,binary,Urinary tract,compl_severebleed_site,[compl_severebleed] = '1'
2589,compl_severebleed_site___Vagina,outcome,binary,Vagina,compl_severebleed_site,[compl_severebleed] = '1'
2590,compl_severebleed_site___Other(s),outcome,binary,Other(s),compl_severebleed_site,[compl_severebleed] = '1'
2591,compl_severebleed_site___Unknown,outcome,binary,Unknown,compl_severebleed_site,[compl_severebleed] = '1'
2592,compl_anaemia,outcome,binary,Anaemia,compl,
2593,compl_coagulatio,outcome,binary,Coagulation disorder / DIC,compl,
2594,compl_renalgut,outcome,freetext,Renal/genitourinary complications,compl,
2595,compl_acuterenal,outcome,binary,Acute renal injury / acute renal failure,compl,
2596,compl_msk,outcome,freetext,Musculoskeletal complication,compl,
2597,compl_rhabdomyol,outcome,binary,Rhabdomyolysis,compl,
2598,compl_myositis,outcome,binary,Myositis,compl,
2599,compl_skin,outcome,freetext,Skin complication,compl,
2600,compl_cellulitis,outcome,binary,Cellulitis,compl,
2601,compl_cellulitis_site,outcome,checkbox,Site(s) of cellulitis,compl,[compl_cellulitis] = '1'
2602,compl_cellulitis_site___Skin,outcome,binary,Skin,compl_cellulitis_site,[compl_cellulitis] = '1'
2603,compl_cellulitis_site___Nose,outcome,binary,Nose,compl_cellulitis_site,[compl_cellulitis] = '1'
2604,compl_cellulitis_site___Gums,outcome,binary,Gums,compl_cellulitis_site,[compl_cellulitis] = '1'
2605,compl_cellulitis_site___GI tract,outcome,binary,GI tract,compl_cellulitis_site,[compl_cellulitis] = '1'
2606,compl_cellulitis_site___Urinary tract,outcome,binary,Urinary tract,compl_cellulitis_site,[compl_cellulitis] = '1'
2607,compl_cellulitis_site___Vagina,outcome,binary,Vagina,compl_cellulitis_site,[compl_cellulitis] = '1'
2608,compl_cellulitis_site___Unknown,outcome,binary,Unknown,compl_cellulitis_site,[compl_cellulitis] = '1'
2609,compl_cellulitis_site___Other,outcome,binary,Other,compl_cellulitis_site,[compl_cellulitis] = '1'
2610,compl_cellulitis_site_oth,outcome,freetext,Specify other site(s) of cellulitis,compl,[compl_cellulitis_site(88)]='1'
2611,compl_eschar,outcome,binary,Skin tissue loss or eschar,compl,
2612,compl_sys,outcome,freetext,Systemic complication,compl,
2613,compl_bacteraemi,outcome,binary,Bacteraemia,compl,
2614,compl_hypoglycem,outcome,binary,Hypoglycaemia,compl,
2615,compl_sepsis,outcome,binary,Sepsis,compl,
2616,compl_otherdesc,outcome,freetext,Other  Complications,compl,
2617,compl_unlisted,outcome,binary,Other complication(s),compl,
2618,compl_unlisted_item___Decompensation,outcome,binary,Decompensation,compl_unlisted,
2619,compl_unlisted_item___Haemorrhagic stroke,outcome,binary,Haemorrhagic stroke,compl_unlisted,
2620,compl_unlisted_item___Sepsis,outcome,binary,Sepsis,compl_unlisted,
2621,compl_unlisted_item___Ischemic encephalopathy,outcome,binary,Ischemic encephalopathy,compl_unlisted,
2622,compl_unlisted_item___Multisystem inflammatory syndrome in adults,outcome,binary,Multisystem inflammatory syndrome in adults,compl_unlisted,
2623,compl_unlisted_item___Hospital acquired pneumonia,outcome,binary,Hospital acquired pneumonia,compl_unlisted,
2624,compl_unlisted_item___Acquired coagulation disorder,outcome,binary,Acquired coagulation disorder,compl_unlisted,
2625,compl_unlisted_item___Ischemic stroke,outcome,binary,Ischemic stroke,compl_unlisted,
2626,compl_unlisted_item___Ventilator-Associated Pneumonia,outcome,binary,Ventilator-Associated Pneumonia,compl_unlisted,
2627,compl_unlisted_item___Neurological finding,outcome,binary,Neurological finding,compl_unlisted,
2628,compl_unlisted_item___Pneumothorax,outcome,binary,Pneumothorax,compl_unlisted,
2629,compl_unlisted_item___Thrombotic stroke,outcome,binary,Thrombotic stroke,compl_unlisted,
2630,compl_unlisted_item___Cardioembolic stroke,outcome,binary,Cardioembolic stroke,compl_unlisted,
2631,compl_unlisted_item___Cerebellar stroke,outcome,binary,Cerebellar stroke,compl_unlisted,
2632,compl_unlisted_item___Meningitis,outcome,binary,Meningitis,compl_unlisted,
2633,compl_unlisted_item___Myocardial Infarction,outcome,binary,Myocardial Infarction,compl_unlisted,
2634,compl_unlisted_item___Pneumonia,outcome,binary,Pneumonia,compl_unlisted,
2635,compl_unlisted_item___Deep venous thrombosis,outcome,binary,Deep venous thrombosis,compl_unlisted,
2636,compl_unlisted_item___Acute Respiratory Distress Syndrome (ARDS),outcome,binary,Acute Respiratory Distress Syndrome (ARDS),compl_unlisted,
2637,compl_unlisted_item___Acute renal failure syndrome,outcome,binary,Acute renal failure syndrome,compl_unlisted,
2638,compl_unlisted_item___Bleeding,outcome,binary,Bleeding,compl_unlisted,
2639,compl_unlisted_item___Multisystem inflammatory syndrome in children,outcome,binary,Multisystem inflammatory syndrome in children,compl_unlisted,
2640,compl_unlisted_item___Recurrent gastrointestinal bleeding,outcome,binary,Recurrent gastrointestinal bleeding,compl_unlisted,
2641,compl_unlisted_item___Cardiac Arrest,outcome,binary,Cardiac Arrest,compl_unlisted,
2642,compl_unlisted_item___Encephalitis,outcome,binary,Encephalitis,compl_unlisted,
2643,compl_unlisted_item___Empyema,outcome,binary,Empyema,compl_unlisted,
2644,compl_unlisted_item___Large liver,outcome,binary,Large liver,compl_unlisted,
2645,compl_unlisted_item___Cardiogenic Shock,outcome,binary,Cardiogenic Shock,compl_unlisted,
2646,compl_unlisted_item___Recurrent urinary tract infection,outcome,binary,Recurrent urinary tract infection,compl_unlisted,
2647,compl_unlisted_item___Pulmonary Embolism,outcome,binary,Pulmonary Embolism,compl_unlisted,
2648,compl_unlisted_item___Septic Shock,outcome,binary,Septic Shock,compl_unlisted,
2649,compl_unlisted_item___Transient hypotension,outcome,binary,Transient hypotension,compl_unlisted,
2650,compl_unlisted_item___Bacteremia,outcome,binary,Bacteremia,compl_unlisted,
2651,compl_unlisted_0item,outcome,categorical,Select other complication(s),compl,[compl_unlisted]='1'
2652,compl_unlisted_0item___Acute Respiratory Distress Syndrome (ARDS),outcome,binary,Acute Respiratory Distress Syndrome (ARDS),compl_unlisted_0item,[compl_unlisted]='1'
2653,compl_unlisted_0item___Bacteremia,outcome,binary,Bacteremia,compl_unlisted_0item,[compl_unlisted]='1'
2654,compl_unlisted_0item___Myocardial Infarction,outcome,binary,Myocardial Infarction,compl_unlisted_0item,[compl_unlisted]='1'
2655,compl_unlisted_0item___Neurological finding,outcome,binary,Neurological finding,compl_unlisted_0item,[compl_unlisted]='1'
2656,compl_unlisted_0item___Pneumonia,outcome,binary,Pneumonia,compl_unlisted_0item,[compl_unlisted]='1'
2657,compl_unlisted_0item___Pulmonary Embolism,outcome,binary,Pulmonary Embolism,compl_unlisted_0item,[compl_unlisted]='1'
2658,compl_unlisted_0item___Acquired coagulation disorder,outcome,binary,Acquired coagulation disorder,compl_unlisted_0item,[compl_unlisted]='1'
2659,compl_unlisted_0item___Acute renal failure syndrome,outcome,binary,Acute renal failure syndrome,compl_unlisted_0item,[compl_unlisted]='1'
2660,compl_unlisted_0item___Bleeding,outcome,binary,Bleeding,compl_unlisted_0item,[compl_unlisted]='1'
2661,compl_unlisted_0item___Cardiac Arrest,outcome,binary,Cardiac Arrest,compl_unlisted_0item,[compl_unlisted]='1'
2662,compl_unlisted_0item___Cardioembolic stroke,outcome,binary,Cardioembolic stroke,compl_unlisted_0item,[compl_unlisted]='1'
2663,compl_unlisted_0item___Cardiogenic Shock,outcome,binary,Cardiogenic Shock,compl_unlisted_0item,[compl_unlisted]='1'
2664,compl_unlisted_0item___Cerebellar stroke,outcome,binary,Cerebellar stroke,compl_unlisted_0item,[compl_unlisted]='1'
2665,compl_unlisted_0item___Decompensation,outcome,binary,Decompensation,compl_unlisted_0item,[compl_unlisted]='1'
2666,compl_unlisted_0item___Deep venous thrombosis,outcome,binary,Deep venous thrombosis,compl_unlisted_0item,[compl_unlisted]='1'
2667,compl_unlisted_0item___Empyema,outcome,binary,Empyema,compl_unlisted_0item,[compl_unlisted]='1'
2668,compl_unlisted_0item___Encephalitis,outcome,binary,Encephalitis,compl_unlisted_0item,[compl_unlisted]='1'
2669,compl_unlisted_0item___Haemorrhagic stroke,outcome,binary,Haemorrhagic stroke,compl_unlisted_0item,[compl_unlisted]='1'
2670,compl_unlisted_0item___Hospital acquired pneumonia,outcome,binary,Hospital acquired pneumonia,compl_unlisted_0item,[compl_unlisted]='1'
2671,compl_unlisted_0item___Ischemic stroke,outcome,binary,Ischemic stroke,compl_unlisted_0item,[compl_unlisted]='1'
2672,compl_unlisted_0item___Large liver,outcome,binary,Large liver,compl_unlisted_0item,[compl_unlisted]='1'
2673,compl_unlisted_0item___Meningitis,outcome,binary,Meningitis,compl_unlisted_0item,[compl_unlisted]='1'
2674,compl_unlisted_0item___Multisystem inflammatory syndrome in adults,outcome,binary,Multisystem inflammatory syndrome in adults,compl_unlisted_0item,[compl_unlisted]='1'
2675,compl_unlisted_0item___Multisystem inflammatory syndrome in children,outcome,binary,Multisystem inflammatory syndrome in children,compl_unlisted_0item,[compl_unlisted]='1'
2676,compl_unlisted_0item___Pneumothorax,outcome,binary,Pneumothorax,compl_unlisted_0item,[compl_unlisted]='1'
2677,compl_unlisted_0item___Recurrent gastrointestinal bleeding,outcome,binary,Recurrent gastrointestinal bleeding,compl_unlisted_0item,[compl_unlisted]='1'
2678,compl_unlisted_0item___Sepsis,outcome,binary,Sepsis,compl_unlisted_0item,[compl_unlisted]='1'
2679,compl_unlisted_0item___Thrombotic stroke,outcome,binary,Thrombotic stroke,compl_unlisted_0item,[compl_unlisted]='1'
2680,compl_unlisted_0item___Transient hypotension,outcome,binary,Transient hypotension,compl_unlisted_0item,[compl_unlisted]='1'
2681,compl_unlisted_0item___Ventilator-Associated Pneumonia,outcome,binary,Ventilator-Associated Pneumonia,compl_unlisted_0item,[compl_unlisted]='1'
2682,compl_unlisted_0addi,outcome,binary,Any additional other complication(s) ?,compl,[compl_unlisted]='1'
2683,compl_unlisted_1item,outcome,categorical,>Select additional other complication(s) 2,compl,[compl_unlisted_0addi]='1'
2684,compl_unlisted_1item___Pulmonary Embolism,outcome,binary,Pulmonary Embolism,compl_unlisted_1item,[compl_unlisted_0addi]='1'
2685,compl_unlisted_1item___Septic Shock,outcome,binary,Septic Shock,compl_unlisted_1item,[compl_unlisted_0addi]='1'
2686,compl_unlisted_1item___Acquired coagulation disorder,outcome,binary,Acquired coagulation disorder,compl_unlisted_1item,[compl_unlisted_0addi]='1'
2687,compl_unlisted_1item___Acute renal failure syndrome,outcome,binary,Acute renal failure syndrome,compl_unlisted_1item,[compl_unlisted_0addi]='1'
2688,compl_unlisted_1item___Bleeding,outcome,binary,Bleeding,compl_unlisted_1item,[compl_unlisted_0addi]='1'
2689,compl_unlisted_1item___Cardiogenic Shock,outcome,binary,Cardiogenic Shock,compl_unlisted_1item,[compl_unlisted_0addi]='1'
2690,compl_unlisted_1item___Cerebellar stroke,outcome,binary,Cerebellar stroke,compl_unlisted_1item,[compl_unlisted_0addi]='1'
2691,compl_unlisted_1item___Decompensation,outcome,binary,Decompensation,compl_unlisted_1item,[compl_unlisted_0addi]='1'
2692,compl_unlisted_1item___Deep venous thrombosis,outcome,binary,Deep venous thrombosis,compl_unlisted_1item,[compl_unlisted_0addi]='1'
2693,compl_unlisted_1item___Empyema,outcome,binary,Empyema,compl_unlisted_1item,[compl_unlisted_0addi]='1'
2694,compl_unlisted_1item___Encephalitis,outcome,binary,Encephalitis,compl_unlisted_1item,[compl_unlisted_0addi]='1'
2695,compl_unlisted_1item___Ischemic encephalopathy,outcome,binary,Ischemic encephalopathy,compl_unlisted_1item,[compl_unlisted_0addi]='1'
2696,compl_unlisted_1item___Ischemic stroke,outcome,binary,Ischemic stroke,compl_unlisted_1item,[compl_unlisted_0addi]='1'
2697,compl_unlisted_1item___Meningitis,outcome,binary,Meningitis,compl_unlisted_1item,[compl_unlisted_0addi]='1'
2698,compl_unlisted_1item___Recurrent urinary tract infection,outcome,binary,Recurrent urinary tract infection,compl_unlisted_1item,[compl_unlisted_0addi]='1'
2699,compl_unlisted_1item___Sepsis,outcome,binary,Sepsis,compl_unlisted_1item,[compl_unlisted_0addi]='1'
2700,compl_unlisted_1item___Ventilator-Associated Pneumonia,outcome,binary,Ventilator-Associated Pneumonia,compl_unlisted_1item,[compl_unlisted_0addi]='1'
2701,compl_unlisted_1item___Other,outcome,binary,Other,compl_unlisted_1item,[compl_unlisted_0addi]='1'
2702,compl_unlisted_1otherl2,outcome,freetext,>Specify other complication(s) 2,compl,[compl_unlisted_1item]='88'
2703,compl_unlisted_1addi,outcome,binary,>Any additional other complication(s) ?,compl,[compl_unlisted_0addi]='1'
2704,compl_unlisted_2item,outcome,categorical,->Select additional other complication(s) 3,compl,[compl_unlisted_1addi]='1'
2705,compl_unlisted_2item___Pneumonia,outcome,binary,Pneumonia,compl_unlisted_2item,[compl_unlisted_1addi]='1'
2706,compl_unlisted_2item___Empyema,outcome,binary,Empyema,compl_unlisted_2item,[compl_unlisted_1addi]='1'
2707,compl_unlisted_2item___Ischemic encephalopathy,outcome,binary,Ischemic encephalopathy,compl_unlisted_2item,[compl_unlisted_1addi]='1'
2708,compl_unlisted_2item___Multisystem inflammatory syndrome in children,outcome,binary,Multisystem inflammatory syndrome in children,compl_unlisted_2item,[compl_unlisted_1addi]='1'
2709,compl_unlisted_2item___Recurrent gastrointestinal bleeding,outcome,binary,Recurrent gastrointestinal bleeding,compl_unlisted_2item,[compl_unlisted_1addi]='1'
2710,compl_unlisted_2item___Recurrent urinary tract infection,outcome,binary,Recurrent urinary tract infection,compl_unlisted_2item,[compl_unlisted_1addi]='1'
2711,compl_unlisted_2item___Sepsis,outcome,binary,Sepsis,compl_unlisted_2item,[compl_unlisted_1addi]='1'
2712,compl_unlisted_2addi,outcome,binary,->Any additional other complication(s) ?,compl,[compl_unlisted_1addi]='1'
2713,compl_unlisted_3item,outcome,categorical,>->Select additional other complication(s) 4,compl,[compl_unlisted_2addi]='1'
2714,compl_unlisted_3item___Septic Shock,outcome,binary,Septic Shock,compl_unlisted_3item,[compl_unlisted_2addi]='1'
2715,compl_unlisted_3item___Acquired coagulation disorder,outcome,binary,Acquired coagulation disorder,compl_unlisted_3item,[compl_unlisted_2addi]='1'
2716,compl_unlisted_3item___Haemorrhagic stroke,outcome,binary,Haemorrhagic stroke,compl_unlisted_3item,[compl_unlisted_2addi]='1'
2717,compl_unlisted_3addi,outcome,binary,>->Any additional other complication(s) ?,compl,[compl_unlisted_2addi]='1'
2718,compl_unlisted_4item,outcome,categorical,->->Select additional other complication(s) 5,compl,[compl_unlisted_3addi]='1'
2719,compl_unlisted_4item___Haemorrhagic stroke,outcome,binary,Haemorrhagic stroke,compl_unlisted_4item,[compl_unlisted_3addi]='1'
2720,compl_unlisted_4item___Thrombotic stroke,outcome,binary,Thrombotic stroke,compl_unlisted_4item,[compl_unlisted_3addi]='1'
2721,inter,outcome,section,INTERVENTIONS,,
2722,inter_surg,outcome,binary,Any surgical intervention performed in relation to the infection with pathogen of interest?,inter,
2723,inter_surg_type,outcome,freetext,What was the surgery? (e.g. debridement of infected tissue),inter,[inter_surg]='1'
2724,inter_surg_date,outcome,date,Date of first surgery,inter,[inter_surg]='1'
2725,inter_surg_sec,outcome,binary,Was a second surgical intervention performed in relation to the infection with pathogen of interest?,inter,[inter_surg]='1'
2726,inter_surg_secdate,outcome,date,Date of second surgery,inter,[inter_surg_sec]='1'
2727,inter_other,outcome,binary,Other intervention(s) or procedure(s),inter,
2728,inter_other_spec,outcome,freetext,Please specify other intervention(s) or procedure(s),inter,[inter_other] = '1'
2729,inter,outcome,section,RESPIRATORY SUPPORT,,
2730,inter_suppleo2,outcome,binary,Any supplemental oxygen?,inter,
2731,inter_suppleo2_dur,outcome,numeric,Number of calendar days the patient received any respiratory support during admission,inter,[inter_suppleo2]='1'
2732,inter_suppleo2_flow,outcome,categorical,Maximum O2 flow volume (L/min),inter,[inter_suppleo2] = '1'
2733,inter_suppleo2_flow___<2 L/min,outcome,binary,<2 L/min,inter_suppleo2_flow,[inter_suppleo2] = '1'
2734,inter_suppleo2_flow___2-5 L/min,outcome,binary,2-5 L/min,inter_suppleo2_flow,[inter_suppleo2] = '1'
2735,inter_suppleo2_flow___6-10 L/min,outcome,binary,6-10 L/min,inter_suppleo2_flow,[inter_suppleo2] = '1'
2736,inter_suppleo2_flow___11-15 L/min,outcome,binary,11-15 L/min,inter_suppleo2_flow,[inter_suppleo2] = '1'
2737,inter_suppleo2_flow___>15 L/min,outcome,binary,>15 L/min,inter_suppleo2_flow,[inter_suppleo2] = '1'
2738,inter_nasalprongs,outcome,binary,Nasal prongs,inter,[inter_suppleo2]='1'
2739,inter_nasalprongs_dur,outcome,numeric,Number of calendar days the patient received supplemental oxygen through nasal prongs,inter,[inter_nasalprongs]='1'
2740,inter_facemask,outcome,binary,Face mask,inter,[inter_suppleo2]='1'
2741,inter_facemask_dur,outcome,numeric,Number of calendar days the patient received supplemental oxygen through face mask,inter,[inter_facemask]='1'
2742,inter_hfno,outcome,binary,High flow nasal oxygen,inter,[inter_suppleo2]='1'
2743,inter_hfno_dur,outcome,numeric,Number of calendar days the patient received high-flow nasal oxygen,inter,[inter_hfno]='1'
2744,inter_nivent,outcome,binary,Non-invasive ventilation,inter,[inter_suppleo2]='1'
2745,inter_nivent_type,outcome,categorical,Type of non-invasive respiratory support,inter,[inter_nivent]='1'
2746,inter_nivent_type___BIPAP,outcome,binary,BIPAP,inter_nivent_type,[inter_nivent]='1'
2747,inter_nivent_type___Other,outcome,binary,Other,inter_nivent_type,[inter_nivent]='1'
2748,inter_nivent_typ_oth,outcome,freetext,Specify other type of non-invasive ventilation,inter,[inter_nivent_type]='88'
2749,inter_nivent_dur,outcome,numeric,Number of calendar days the patient received non-invasive ventilation,inter,[inter_nivent]='1'
2750,inter_invent,outcome,binary,Invasive ventilation,inter,[inter_suppleo2]='1'
2751,inter_invent_dur,outcome,numeric,Number of calendar days the patient received invasive ventilation,inter,[inter_invent]='1'
2752,inter_ecmo,outcome,binary,ECLS / ECMO,inter,[inter_suppleo2]='1'
2753,inter_ecmo_typ,outcome,categorical,Type of ECLS / ECMO,inter,[inter_ecmo]='1'
2754,inter_ecmo_typ___Veno-venous (VV),outcome,binary,Veno-venous (VV),inter_ecmo_typ,[inter_ecmo]='1'
2755,inter_ecmo_typ___Veno-arterial (VA),outcome,binary,Veno-arterial (VA),inter_ecmo_typ,[inter_ecmo]='1'
2756,inter_ecmo_dur,outcome,numeric,Number of calendar days the patient received ECLS / ECMO,inter,[inter_ecmo]='1'
2757,inter_prone,outcome,binary,Prone positioning,inter,[inter_suppleo2]='1'
2758,inter_prone_when,outcome,categorical,When was the prone positioning?,inter,[inter_prone] = '1'
2759,inter_prone_when___During invasive ventilation,outcome,binary,During invasive ventilation,inter_prone_when,[inter_prone] = '1'
2760,inter_prone_when___Whilst self-ventilating,outcome,binary,Whilst self-ventilating,inter_prone_when,[inter_prone] = '1'
2761,inter_othersuppleo2,outcome,binary,Other respiratory support intervention(s) or procedure(s),inter,[inter_suppleo2]='1'
2762,inter_othersuppleo2_spec,outcome,freetext,Please specify other respiratory support intervention(s) or procedure(s),inter,[inter_othersuppleo2] = '1'
2763,crito,outcome,section,ADVANCED CARE INTERVENTIONS,,
2764,crito_critcare,outcome,binary,Were advanced care (including acute organ support and critical care) therapeutic interventions administered during this admission?,crito,
2765,crito_icu,outcome,binary,ICU / ITU / HDU / Intermediate Care Unit admission,crito,[crito_critcare]='1'
2766,crito_icu_date,outcome,date,Date of first ICU / ITU / HDU / Intermediate Care Unit admission,crito,[crito_icu] = '1'
2767,crito_icu_dur,outcome,numeric,Duration of first ICU / ITU / HDU / Intermediate Care Unit admission (days),crito,[crito_icu] = '1'
2768,crito_icu_readm,outcome,binary,Was the patient admitted to ICU / ITU / HDU / Intermediate Care Unit more than once? ,crito,[crito_icu] = '1'
2769,crito_icu_findate,outcome,date,Date of final ICU / ITU / HDU / Intermediate Care Unit admission,crito,[crito_icu_readm] = '1'
2770,crito_icu_findur,outcome,numeric,Duration of final ICU / ITU / HDU / Intermediate Care Unit admission (days),crito,[crito_icu_readm] = '1'
2771,crito_neuromuscu,outcome,binary,Neuromuscular blocking agents,crito,[crito_critcare]='1'
2772,crito_nitricoxid,outcome,binary,Inhaled nitric oxide,crito,[crito_critcare]='1'
2773,crito_tracheosto,outcome,binary,Tracheostomy inserted,crito,[crito_critcare]='1'
2774,crito_rtt,outcome,binary,Renal replacement therapy (RRT) or dialysis,crito,[crito_critcare]='1'
2775,crito_rtt_dur,outcome,numeric,Number of calendar days on RRT or dialysis duration during admission,crito,[crito_rtt] = '1'
2776,crito_inotropesv,outcome,binary,Inotropes / vasopressors,crito,[crito_critcare]='1'
2777,crito_inotropesv_dur,outcome,freetext,Total inotropes / vasopressor duration during admission (days),crito,[crito_inotropesv] = '1'
2778,crito_critcareunlst,outcome,binary,Other critical care intervention(s) or procedure(s),crito,[crito_critcare]='1'
2779,crito_critcareunlst_oth,outcome,freetext,If other: Please specify other critical care intervention(s) or procedure(s),crito,[crito_critcareunlst] = '1'
2780,outco,outcome,section,OUTCOME,,
2781,outco_date,outcome,date,Outcome date,outco,
2782,outco_outcome,outcome,categorical,Outcome,outco,
2783,outco_outcome___Discharged alive,outcome,binary,Discharged alive,outco_outcome,
2784,outco_outcome___Still hospitalised,outcome,binary,Still hospitalised,outco_outcome,
2785,outco_outcome___Transfer to other facility,outcome,binary,Transfer to other facility,outco_outcome,
2786,outco_outcome___Palliative care,outcome,binary,Palliative care,outco_outcome,
2787,outco_outcome___Discharged against medical advice,outcome,binary,Discharged against medical advice,outco_outcome,
2788,"outco_outcome___Alive, not admitted",outcome,binary,"Alive, not admitted",outco_outcome,
2789,outco_selfcare,outcome,categorical,Ability to self-care at discharge versus before illness,outco,[outco_outcome] = '1'
2790,outco_selfcare___Same as before illness,outcome,binary,Same as before illness,outco_selfcare,[outco_outcome] = '1'
2791,outco_selfcare___Worse,outcome,binary,Worse,outco_selfcare,[outco_outcome] = '1'
2792,outco_selfcare___Better,outcome,binary,Better,outco_selfcare,[outco_outcome] = '1'
2793,outco_carerel,outcome,binary,If discharged alive or still hospitalised: Ongoing health care needs relating to this admission for pathogen of interest,outco,[outco_outcome] = '1' or [outco_outcome]='2'
2794,outco_carefordif,outcome,binary,"If Still hospitalised or transfer to other facility:  Medically fit for discharge (pathogen resolved) but remains in hospital for other reason (e.g. awaiting alternate care, resident in long term health care or mental health facility)",outco,[outco_outcome]='2' or [outco_outcome]='3'
2795,follow,follow_up,section,FOLLOW-UP ASSESSMENT,,
2796,follow_date,follow_up,date,Date of follow up,follow,
2797,follow_outcome,follow_up,categorical,Patient outcome,follow,
2798,follow_outcome___All lesions are completely resolved and no serious complications,follow_up,binary,All lesions are completely resolved and no serious complications,follow_outcome,
2799,follow_outcome___All lesions are no longer active and no serious complications,follow_up,binary,All lesions are no longer active and no serious complications,follow_outcome,
2800,follow_outcome___Death,follow_up,binary,Death,follow_outcome,
2801,follow_outcome___Discharged alive - medical grounds,follow_up,binary,Discharged alive - medical grounds,follow_outcome,
2802,follow_outcome___Discharged alive - patient's preference,follow_up,binary,Discharged alive - patient's preference,follow_outcome,
2803,follow_outcome___Early withdrawal,follow_up,binary,Early withdrawal,follow_outcome,
2804,follow_outcome___Loss to follow-up,follow_up,binary,Loss to follow-up,follow_outcome,
2805,follow_outcome___No lesions ever developed and no serious complications,follow_up,binary,No lesions ever developed and no serious complications,follow_outcome,
2806,follow_outcome___One or more lesion(s) are active and no serious complications,follow_up,binary,One or more lesion(s) are active and no serious complications,follow_outcome,
2807,follow_outcome___Serious complication and/or re-hospitalisation due to infection with pathogen of interest,follow_up,binary,Serious complication and/or re-hospitalisation due to infection with pathogen of interest,follow_outcome,
2808,follow_outcome___Still hospitalised,follow_up,binary,Still hospitalised,follow_outcome,
2809,follow_outcome___Transfer to other facility,follow_up,binary,Transfer to other facility,follow_outcome,
2810,follow_outcome___Other,follow_up,binary,Other,follow_outcome,
2811,follow_outcome_date,follow_up,date,First / earliest date on which the selected outcome was true,follow,
2812,follow_outcome_reas,follow_up,freetext,Reason for outcome,follow,[follow_outcome]='11'
2813,follow_outcome_otherl2,follow_up,categorical,Select Patient outcome,follow,[follow_outcome]='88'
2814,follow_outcome_otherl2___Palliative Care,follow_up,binary,Palliative Care,follow_outcome_otherl2,[follow_outcome]='88'
2815,follow_outcome_otherl2___Other,follow_up,binary,Other,follow_outcome_otherl2,[follow_outcome]='88'
2816,follow_outcome_otherl3,follow_up,freetext,Specify other Patient outcome,follow,[follow_outcome_otherl2]='88'
2817,follow_skindamage,follow_up,binary,Is the patient's skin damaged following resolution of acute illness,follow,[follow_outcome]<>'3' and [follow_outcome]<>'7' and [follow_outcome]<>'6' and [follow_outcome]<>'8'
2818,follow_skindamage_type,follow_up,checkbox,Select all that apply,follow,[follow_skindamage]='1'
2819,follow_skindamage_type___Atrophic scars,follow_up,binary,Atrophic scars,follow_skindamage_type,[follow_skindamage]='1'
2820,follow_skindamage_type___Hypertrophic scars,follow_up,binary,Hypertrophic scars,follow_skindamage_type,[follow_skindamage]='1'
2821,follow_skindamage_type___Deformities,follow_up,binary,Deformities,follow_skindamage_type,[follow_skindamage]='1'
2822,follow_skindamage_type___Hypopigmentation,follow_up,binary,Hypopigmentation,follow_skindamage_type,[follow_skindamage]='1'
2823,follow_skindamage_type___Hyperpigmentation,follow_up,binary,Hyperpigmentation,follow_skindamage_type,[follow_skindamage]='1'
2824,follow_skindamage_type___Contractures,follow_up,binary,Contractures,follow_skindamage_type,[follow_skindamage]='1'
2825,follow_skindamage_type___Other,follow_up,binary,Other,follow_skindamage_type,[follow_skindamage]='1'
2826,follow_skindamage_type_oth,follow_up,freetext,Specify other type of skin damage,follow,[follow_skindamage_type(88)]='1'
2827,follow_seque,follow_up,binary,Does the patient have any sequelae?,follow,[follow_outcome]<>'3' and [follow_outcome]<>'7' and [follow_outcome]<>'6'
2828,follow_seque_type,follow_up,checkbox,Select all that apply,follow,[follow_seque]='1'
2829,follow_seque_type___Blindness,follow_up,binary,Blindness,follow_seque_type,[follow_seque]='1'
2830,follow_seque_type___Decreased vision,follow_up,binary,Decreased vision,follow_seque_type,[follow_seque]='1'
2831,follow_seque_type___Depression,follow_up,binary,Depression,follow_seque_type,[follow_seque]='1'
2832,follow_seque_type___Dyspareunia,follow_up,binary,Dyspareunia,follow_seque_type,[follow_seque]='1'
2833,follow_seque_type___Rectal stricture,follow_up,binary,Rectal stricture,follow_seque_type,[follow_seque]='1'
2834,follow_seque_type___Urethral stricture,follow_up,binary,Urethral stricture,follow_seque_type,[follow_seque]='1'
2835,follow_seque_type___Vaginal stricture,follow_up,binary,Vaginal stricture,follow_seque_type,[follow_seque]='1'
2836,follow_seque_type___Other,follow_up,binary,Other,follow_seque_type,[follow_seque]='1'
2837,follow_seque_otherl2,follow_up,categorical,Select Select all that apply,follow,[follow_seque_type(88)]='1'
2838,follow_seque_otherl2___Cardiovascular Effects,follow_up,binary,Cardiovascular Effects,follow_seque_otherl2,[follow_seque_type(88)]='1'
2839,follow_seque_otherl2___Immunological Consequence,follow_up,binary,Immunological Consequence,follow_seque_otherl2,[follow_seque_type(88)]='1'
2840,follow_seque_otherl2___Neurological Complications,follow_up,binary,Neurological Complications,follow_seque_otherl2,[follow_seque_type(88)]='1'
2841,follow_seque_otherl2___Psychological Impacts,follow_up,binary,Psychological Impacts,follow_seque_otherl2,[follow_seque_type(88)]='1'
2842,follow_seque_otherl2___Respiratory Complications,follow_up,binary,Respiratory Complications,follow_seque_otherl2,[follow_seque_type(88)]='1'
2843,follow_seque_otherl2___Systemic Effects,follow_up,binary,Systemic Effects,follow_seque_otherl2,[follow_seque_type(88)]='1'
2844,follow_seque_otherl2___Other,follow_up,binary,Other,follow_seque_otherl2,[follow_seque_type(88)]='1'
2845,follow_seque_otherl3,follow_up,freetext,Specify other Select all that apply,follow,[follow_seque_otherl2]='88'
2846,withd,withdrawal,section,WITHDRAWAL,,
2847,withd_date,withdrawal,date,Date of withdrawal,withd,
2848,withd_reas,withdrawal,freetext,Reason for withdrawal,withd,
2849,withd_active,withdrawal,binary,Did the participant withdraw from active participation in the study?,withd,
2850,withd_datacoll,withdrawal,binary,Did the participant withdraw consent to use data collected up until the point of withdrawal?,withd,
2851,withd_datasample,withdrawal,binary,Did the participant withdraw consent to use samples collected up until the point of withdrawal?,withd,
2852,outco_binary_outcome,outcome,categorical,Outcome (binary),outco,
2853,outco_binary_outcome___Death,outcome,binary,Death,outco_binary_outcome,
2854,outco_binary_outcome___Discharged,outcome,binary,Discharged,outco_binary_outcome,
2855,outco_binary_outcome___Censored,outcome,binary,Censored,outco_binary_outcome,
2856,country,presentation,section,COUNTRY,,
2857,country_iso,presentation,categorical,Country ISO Code,country,
2858,country_iso___COL,presentation,binary,COL,country_iso,
2859,country_iso___CAN,presentation,binary,CAN,country_iso,
2860,country_iso___BRA,presentation,binary,BRA,country_iso,
2861,country_iso___FRA,presentation,binary,FRA,country_iso,
2862,country_iso___POL,presentation,binary,POL,country_iso,
2863,country_iso___UGA,presentation,binary,UGA,country_iso,
2864,country_iso___RWA,presentation,binary,RWA,country_iso,
2865,country_iso___KEN,presentation,binary,KEN,country_iso,
2866,country_iso___NLD,presentation,binary,NLD,country_iso,
